"Time","Contracts","Funding Interval","Funding Rate"
"08/26/2024 08:00:00","SOL Perpetual/USDT","Every 8 Hours","0.0023%"
"08/26/2024 00:00:00","SOL Perpetual/USDT","Every 8 Hours","-0.0034%"
"08/25/2024 16:00:00","SOL Perpetual/USDT","Every 8 Hours","0.0177%"
"08/25/2024 08:00:00","SOL Perpetual/USDT","Every 8 Hours","-0.0018%"
"08/25/2024 00:00:00","SOL Perpetual/USDT","Every 8 Hours","0.0161%"
"08/24/2024 16:00:00","SOL Perpetual/USDT","Every 8 Hours","-0.0047%"
"08/24/2024 08:00:00","SOL Perpetual/USDT","Every 8 Hours","0.0060%"
"08/24/2024 00:00:00","SOL Perpetual/USDT","Every 8 Hours","0.0060%"
"08/23/2024 16:00:00","SOL Perpetual/USDT","Every 8 Hours","-0.0036%"
"08/23/2024 08:00:00","SOL Perpetual/USDT","Every 8 Hours","0.0164%"
"08/23/2024 00:00:00","SOL Perpetual/USDT","Every 8 Hours","-0.0043%"
"08/22/2024 16:00:00","SOL Perpetual/USDT","Every 8 Hours","0.0040%"
"08/22/2024 08:00:00","SOL Perpetual/USDT","Every 8 Hours","0.0185%"
"08/22/2024 00:00:00","SOL Perpetual/USDT","Every 8 Hours","0.0203%"
"08/21/2024 16:00:00","SOL Perpetual/USDT","Every 8 Hours","0.0176%"
"08/21/2024 08:00:00","SOL Perpetual/USDT","Every 8 Hours","0.0180%"
"08/21/2024 00:00:00","SOL Perpetual/USDT","Every 8 Hours","0.0014%"
"08/20/2024 16:00:00","SOL Perpetual/USDT","Every 8 Hours","0.0086%"
"08/20/2024 08:00:00","SOL Perpetual/USDT","Every 8 Hours","0.0016%"
"08/20/2024 00:00:00","SOL Perpetual/USDT","Every 8 Hours","0.0120%"
"08/19/2024 16:00:00","SOL Perpetual/USDT","Every 8 Hours","-0.0090%"
"08/19/2024 08:00:00","SOL Perpetual/USDT","Every 8 Hours","0.0044%"
"08/19/2024 00:00:00","SOL Perpetual/USDT","Every 8 Hours","0.0069%"
"08/18/2024 16:00:00","SOL Perpetual/USDT","Every 8 Hours","-0.0195%"
"08/18/2024 08:00:00","SOL Perpetual/USDT","Every 8 Hours","-0.0019%"
"08/18/2024 00:00:00","SOL Perpetual/USDT","Every 8 Hours","0.0145%"
"08/17/2024 16:00:00","SOL Perpetual/USDT","Every 8 Hours","-0.0093%"
"08/17/2024 08:00:00","SOL Perpetual/USDT","Every 8 Hours","0.0190%"
"08/17/2024 00:00:00","SOL Perpetual/USDT","Every 8 Hours","-0.0033%"
"08/16/2024 16:00:00","SOL Perpetual/USDT","Every 8 Hours","0.0003%"
"08/16/2024 08:00:00","SOL Perpetual/USDT","Every 8 Hours","0.0046%"
"08/16/2024 00:00:00","SOL Perpetual/USDT","Every 8 Hours","0.0010%"
"08/15/2024 16:00:00","SOL Perpetual/USDT","Every 8 Hours","-0.0104%"
"08/15/2024 08:00:00","SOL Perpetual/USDT","Every 8 Hours","0.0119%"
"08/15/2024 00:00:00","SOL Perpetual/USDT","Every 8 Hours","0.0053%"
"08/14/2024 16:00:00","SOL Perpetual/USDT","Every 8 Hours","-0.0004%"
"08/14/2024 08:00:00","SOL Perpetual/USDT","Every 8 Hours","0.0082%"
"08/14/2024 00:00:00","SOL Perpetual/USDT","Every 8 Hours","0.0117%"
"08/13/2024 16:00:00","SOL Perpetual/USDT","Every 8 Hours","-0.0016%"
"08/13/2024 08:00:00","SOL Perpetual/USDT","Every 8 Hours","0.0099%"
"08/13/2024 00:00:00","SOL Perpetual/USDT","Every 8 Hours","0.0003%"
"08/12/2024 16:00:00","SOL Perpetual/USDT","Every 8 Hours","0.0012%"
"08/12/2024 08:00:00","SOL Perpetual/USDT","Every 8 Hours","-0.0108%"
"08/12/2024 00:00:00","SOL Perpetual/USDT","Every 8 Hours","0.0062%"
"08/11/2024 16:00:00","SOL Perpetual/USDT","Every 8 Hours","0.0054%"
"08/11/2024 08:00:00","SOL Perpetual/USDT","Every 8 Hours","0.0184%"
"08/11/2024 00:00:00","SOL Perpetual/USDT","Every 8 Hours","-0.0105%"
"08/10/2024 16:00:00","SOL Perpetual/USDT","Every 8 Hours","0.0017%"
"08/10/2024 08:00:00","SOL Perpetual/USDT","Every 8 Hours","0.0064%"
"08/10/2024 00:00:00","SOL Perpetual/USDT","Every 8 Hours","0.0012%"
"08/09/2024 16:00:00","SOL Perpetual/USDT","Every 8 Hours","0.0119%"
"08/09/2024 08:00:00","SOL Perpetual/USDT","Every 8 Hours","0.0018%"
"08/09/2024 00:00:00","SOL Perpetual/USDT","Every 8 Hours","0.0151%"
"08/08/2024 16:00:00","SOL Perpetual/USDT","Every 8 Hours","0.0005%"
"08/08/2024 08:00:00","SOL Perpetual/USDT","Every 8 Hours","-0.0026%"
"08/08/2024 00:00:00","SOL Perpetual/USDT","Every 8 Hours","-0.0089%"
"08/07/2024 16:00:00","SOL Perpetual/USDT","Every 8 Hours","0.0115%"
"08/07/2024 08:00:00","SOL Perpetual/USDT","Every 8 Hours","-0.0169%"
"08/07/2024 00:00:00","SOL Perpetual/USDT","Every 8 Hours","0.0050%"
"08/06/2024 16:00:00","SOL Perpetual/USDT","Every 8 Hours","-0.0172%"
"08/06/2024 08:00:00","SOL Perpetual/USDT","Every 8 Hours","-0.0099%"
"08/06/2024 00:00:00","SOL Perpetual/USDT","Every 8 Hours","0.0004%"
"08/05/2024 16:00:00","SOL Perpetual/USDT","Every 8 Hours","0.0040%"
"08/05/2024 08:00:00","SOL Perpetual/USDT","Every 8 Hours","-0.0321%"
"08/05/2024 00:00:00","SOL Perpetual/USDT","Every 8 Hours","-0.0084%"
"08/04/2024 16:00:00","SOL Perpetual/USDT","Every 8 Hours","-0.0122%"
"08/04/2024 08:00:00","SOL Perpetual/USDT","Every 8 Hours","0.0201%"
"08/04/2024 00:00:00","SOL Perpetual/USDT","Every 8 Hours","-0.0125%"
"08/03/2024 16:00:00","SOL Perpetual/USDT","Every 8 Hours","-0.0006%"
"08/03/2024 08:00:00","SOL Perpetual/USDT","Every 8 Hours","0.0224%"
"08/03/2024 00:00:00","SOL Perpetual/USDT","Every 8 Hours","0.0011%"
"08/02/2024 16:00:00","SOL Perpetual/USDT","Every 8 Hours","0.0100%"
"08/02/2024 08:00:00","SOL Perpetual/USDT","Every 8 Hours","0.0044%"
"08/02/2024 00:00:00","SOL Perpetual/USDT","Every 8 Hours","0.0113%"
"08/01/2024 16:00:00","SOL Perpetual/USDT","Every 8 Hours","0.0009%"
"08/01/2024 08:00:00","SOL Perpetual/USDT","Every 8 Hours","0.0317%"
"08/01/2024 00:00:00","SOL Perpetual/USDT","Every 8 Hours","0.0083%"
"07/31/2024 16:00:00","SOL Perpetual/USDT","Every 8 Hours","0.0288%"
"07/31/2024 08:00:00","SOL Perpetual/USDT","Every 8 Hours","-0.0020%"
"07/31/2024 00:00:00","SOL Perpetual/USDT","Every 8 Hours","0.0059%"
"07/30/2024 16:00:00","SOL Perpetual/USDT","Every 8 Hours","0.0108%"
"07/30/2024 08:00:00","SOL Perpetual/USDT","Every 8 Hours","0.0255%"
"07/30/2024 00:00:00","SOL Perpetual/USDT","Every 8 Hours","0.0239%"
"07/29/2024 16:00:00","SOL Perpetual/USDT","Every 8 Hours","0.0278%"
"07/29/2024 08:00:00","SOL Perpetual/USDT","Every 8 Hours","0.0110%"
"07/29/2024 00:00:00","SOL Perpetual/USDT","Every 8 Hours","0.0046%"
"07/28/2024 16:00:00","SOL Perpetual/USDT","Every 8 Hours","0.0096%"
"07/28/2024 08:00:00","SOL Perpetual/USDT","Every 8 Hours","0.0211%"
"07/28/2024 00:00:00","SOL Perpetual/USDT","Every 8 Hours","-0.0100%"
"07/27/2024 16:00:00","SOL Perpetual/USDT","Every 8 Hours","0.0254%"
"07/27/2024 08:00:00","SOL Perpetual/USDT","Every 8 Hours","0.0078%"
"07/27/2024 00:00:00","SOL Perpetual/USDT","Every 8 Hours","0.0120%"
"07/26/2024 16:00:00","SOL Perpetual/USDT","Every 8 Hours","-0.0004%"
"07/26/2024 08:00:00","SOL Perpetual/USDT","Every 8 Hours","0.0087%"
"07/26/2024 00:00:00","SOL Perpetual/USDT","Every 8 Hours","-0.0048%"
"07/25/2024 16:00:00","SOL Perpetual/USDT","Every 8 Hours","0.0303%"
"07/25/2024 08:00:00","SOL Perpetual/USDT","Every 8 Hours","0.0141%"
"07/25/2024 00:00:00","SOL Perpetual/USDT","Every 8 Hours","0.0157%"
"07/24/2024 16:00:00","SOL Perpetual/USDT","Every 8 Hours","0.0118%"
"07/24/2024 08:00:00","SOL Perpetual/USDT","Every 8 Hours","0.0007%"
"07/24/2024 00:00:00","SOL Perpetual/USDT","Every 8 Hours","0.0032%"
"07/23/2024 16:00:00","SOL Perpetual/USDT","Every 8 Hours","0.0137%"
"07/23/2024 08:00:00","SOL Perpetual/USDT","Every 8 Hours","0.0049%"
"07/23/2024 00:00:00","SOL Perpetual/USDT","Every 8 Hours","0.0131%"
"07/22/2024 16:00:00","SOL Perpetual/USDT","Every 8 Hours","-0.0049%"
"07/22/2024 08:00:00","SOL Perpetual/USDT","Every 8 Hours","0.0250%"
"07/22/2024 00:00:00","SOL Perpetual/USDT","Every 8 Hours","0.0192%"
"07/21/2024 16:00:00","SOL Perpetual/USDT","Every 8 Hours","0.0092%"
"07/21/2024 08:00:00","SOL Perpetual/USDT","Every 8 Hours","0.0074%"
"07/21/2024 00:00:00","SOL Perpetual/USDT","Every 8 Hours","0.0175%"
"07/20/2024 16:00:00","SOL Perpetual/USDT","Every 8 Hours","0.0032%"
"07/20/2024 08:00:00","SOL Perpetual/USDT","Every 8 Hours","0.0215%"
"07/20/2024 00:00:00","SOL Perpetual/USDT","Every 8 Hours","0.0005%"
"07/19/2024 16:00:00","SOL Perpetual/USDT","Every 8 Hours","0.0002%"
"07/19/2024 08:00:00","SOL Perpetual/USDT","Every 8 Hours","0.0057%"
"07/19/2024 00:00:00","SOL Perpetual/USDT","Every 8 Hours","0.0159%"
"07/18/2024 16:00:00","SOL Perpetual/USDT","Every 8 Hours","0.0098%"
"07/18/2024 08:00:00","SOL Perpetual/USDT","Every 8 Hours","0.0148%"
"07/18/2024 00:00:00","SOL Perpetual/USDT","Every 8 Hours","-0.0005%"
"07/17/2024 16:00:00","SOL Perpetual/USDT","Every 8 Hours","0.0126%"
"07/17/2024 08:00:00","SOL Perpetual/USDT","Every 8 Hours","0.0097%"
"07/17/2024 00:00:00","SOL Perpetual/USDT","Every 8 Hours","-0.0047%"
"07/16/2024 16:00:00","SOL Perpetual/USDT","Every 8 Hours","-0.0013%"
"07/16/2024 08:00:00","SOL Perpetual/USDT","Every 8 Hours","0.0096%"
"07/16/2024 00:00:00","SOL Perpetual/USDT","Every 8 Hours","0.0001%"
"07/15/2024 16:00:00","SOL Perpetual/USDT","Every 8 Hours","0.0028%"
"07/15/2024 08:00:00","SOL Perpetual/USDT","Every 8 Hours","-0.0071%"
"07/15/2024 00:00:00","SOL Perpetual/USDT","Every 8 Hours","-0.0017%"
"07/14/2024 16:00:00","SOL Perpetual/USDT","Every 8 Hours","-0.0070%"
"07/14/2024 08:00:00","SOL Perpetual/USDT","Every 8 Hours","0.0188%"
"07/14/2024 00:00:00","SOL Perpetual/USDT","Every 8 Hours","-0.0228%"
"07/13/2024 16:00:00","SOL Perpetual/USDT","Every 8 Hours","0.0136%"
"07/13/2024 08:00:00","SOL Perpetual/USDT","Every 8 Hours","-0.0082%"
"07/13/2024 00:00:00","SOL Perpetual/USDT","Every 8 Hours","0.0225%"
"07/12/2024 16:00:00","SOL Perpetual/USDT","Every 8 Hours","-0.0241%"
"07/12/2024 08:00:00","SOL Perpetual/USDT","Every 8 Hours","0.0153%"
"07/12/2024 00:00:00","SOL Perpetual/USDT","Every 8 Hours","-0.0111%"
"07/11/2024 16:00:00","SOL Perpetual/USDT","Every 8 Hours","0.0089%"
"07/11/2024 08:00:00","SOL Perpetual/USDT","Every 8 Hours","0.0043%"
"07/11/2024 00:00:00","SOL Perpetual/USDT","Every 8 Hours","0.0033%"
"07/10/2024 16:00:00","SOL Perpetual/USDT","Every 8 Hours","0.0099%"
"07/10/2024 08:00:00","SOL Perpetual/USDT","Every 8 Hours","0.0046%"
"07/10/2024 00:00:00","SOL Perpetual/USDT","Every 8 Hours","0.0133%"
"07/09/2024 16:00:00","SOL Perpetual/USDT","Every 8 Hours","0.0088%"
"07/09/2024 08:00:00","SOL Perpetual/USDT","Every 8 Hours","0.0051%"
"07/09/2024 00:00:00","SOL Perpetual/USDT","Every 8 Hours","0.0010%"
"07/08/2024 16:00:00","SOL Perpetual/USDT","Every 8 Hours","0.0149%"
"07/08/2024 08:00:00","SOL Perpetual/USDT","Every 8 Hours","0.0038%"
"07/08/2024 00:00:00","SOL Perpetual/USDT","Every 8 Hours","0.0013%"
"07/07/2024 16:00:00","SOL Perpetual/USDT","Every 8 Hours","0.0030%"
"07/07/2024 08:00:00","SOL Perpetual/USDT","Every 8 Hours","0.0149%"
"07/07/2024 00:00:00","SOL Perpetual/USDT","Every 8 Hours","0.0032%"
"07/06/2024 16:00:00","SOL Perpetual/USDT","Every 8 Hours","0.0009%"
"07/06/2024 08:00:00","SOL Perpetual/USDT","Every 8 Hours","-0.0137%"
"07/06/2024 00:00:00","SOL Perpetual/USDT","Every 8 Hours","0.0158%"
"07/05/2024 16:00:00","SOL Perpetual/USDT","Every 8 Hours","-0.0113%"
"07/05/2024 08:00:00","SOL Perpetual/USDT","Every 8 Hours","-0.0093%"
"07/05/2024 00:00:00","SOL Perpetual/USDT","Every 8 Hours","0.0060%"
"07/04/2024 16:00:00","SOL Perpetual/USDT","Every 8 Hours","-0.0092%"
"07/04/2024 08:00:00","SOL Perpetual/USDT","Every 8 Hours","0.0158%"
"07/04/2024 00:00:00","SOL Perpetual/USDT","Every 8 Hours","-0.0073%"
"07/03/2024 16:00:00","SOL Perpetual/USDT","Every 8 Hours","0.0147%"
"07/03/2024 08:00:00","SOL Perpetual/USDT","Every 8 Hours","0.0234%"
"07/03/2024 00:00:00","SOL Perpetual/USDT","Every 8 Hours","0.0186%"
"07/02/2024 16:00:00","SOL Perpetual/USDT","Every 8 Hours","-0.0013%"
"07/02/2024 08:00:00","SOL Perpetual/USDT","Every 8 Hours","0.0056%"
"07/02/2024 00:00:00","SOL Perpetual/USDT","Every 8 Hours","0.0044%"
"07/01/2024 16:00:00","SOL Perpetual/USDT","Every 8 Hours","0.0077%"
"07/01/2024 08:00:00","SOL Perpetual/USDT","Every 8 Hours","0.0036%"
"07/01/2024 00:00:00","SOL Perpetual/USDT","Every 8 Hours","-0.0020%"
"06/30/2024 16:00:00","SOL Perpetual/USDT","Every 8 Hours","-0.0033%"
"06/30/2024 08:00:00","SOL Perpetual/USDT","Every 8 Hours","0.0097%"
"06/30/2024 00:00:00","SOL Perpetual/USDT","Every 8 Hours","0.0171%"
"06/29/2024 16:00:00","SOL Perpetual/USDT","Every 8 Hours","0.0062%"
"06/29/2024 08:00:00","SOL Perpetual/USDT","Every 8 Hours","0.0160%"
"06/29/2024 00:00:00","SOL Perpetual/USDT","Every 8 Hours","0.0064%"
"06/28/2024 16:00:00","SOL Perpetual/USDT","Every 8 Hours","0.0268%"
"06/28/2024 08:00:00","SOL Perpetual/USDT","Every 8 Hours","0.0198%"
"06/28/2024 00:00:00","SOL Perpetual/USDT","Every 8 Hours","0.0029%"
"06/27/2024 16:00:00","SOL Perpetual/USDT","Every 8 Hours","0.0155%"
"06/27/2024 08:00:00","SOL Perpetual/USDT","Every 8 Hours","-0.0012%"
"06/27/2024 00:00:00","SOL Perpetual/USDT","Every 8 Hours","0.0143%"
"06/26/2024 16:00:00","SOL Perpetual/USDT","Every 8 Hours","0.0012%"
"06/26/2024 08:00:00","SOL Perpetual/USDT","Every 8 Hours","0.0241%"
"06/26/2024 00:00:00","SOL Perpetual/USDT","Every 8 Hours","-0.0082%"
"06/25/2024 16:00:00","SOL Perpetual/USDT","Every 8 Hours","0.0169%"
"06/25/2024 08:00:00","SOL Perpetual/USDT","Every 8 Hours","-0.0068%"
"06/25/2024 00:00:00","SOL Perpetual/USDT","Every 8 Hours","0.0049%"
"06/24/2024 16:00:00","SOL Perpetual/USDT","Every 8 Hours","-0.0138%"
"06/24/2024 08:00:00","SOL Perpetual/USDT","Every 8 Hours","0.0069%"
"06/24/2024 00:00:00","SOL Perpetual/USDT","Every 8 Hours","-0.0058%"
"06/23/2024 16:00:00","SOL Perpetual/USDT","Every 8 Hours","0.0148%"
"06/23/2024 08:00:00","SOL Perpetual/USDT","Every 8 Hours","0.0026%"
"06/23/2024 00:00:00","SOL Perpetual/USDT","Every 8 Hours","-0.0083%"
"06/22/2024 16:00:00","SOL Perpetual/USDT","Every 8 Hours","0.0095%"
"06/22/2024 08:00:00","SOL Perpetual/USDT","Every 8 Hours","-0.0041%"
"06/22/2024 00:00:00","SOL Perpetual/USDT","Every 8 Hours","-0.0075%"
"06/21/2024 16:00:00","SOL Perpetual/USDT","Every 8 Hours","-0.0096%"
"06/21/2024 08:00:00","SOL Perpetual/USDT","Every 8 Hours","0.0118%"
"06/21/2024 00:00:00","SOL Perpetual/USDT","Every 8 Hours","0.0053%"
"06/20/2024 16:00:00","SOL Perpetual/USDT","Every 8 Hours","0.0154%"
"06/20/2024 08:00:00","SOL Perpetual/USDT","Every 8 Hours","-0.0123%"
"06/20/2024 00:00:00","SOL Perpetual/USDT","Every 8 Hours","0.0161%"
"06/19/2024 16:00:00","SOL Perpetual/USDT","Every 8 Hours","0.0022%"
"06/19/2024 08:00:00","SOL Perpetual/USDT","Every 8 Hours","-0.0014%"
"06/19/2024 00:00:00","SOL Perpetual/USDT","Every 8 Hours","-0.0061%"
"06/18/2024 16:00:00","SOL Perpetual/USDT","Every 8 Hours","-0.0050%"
"06/18/2024 08:00:00","SOL Perpetual/USDT","Every 8 Hours","-0.0027%"
"06/18/2024 00:00:00","SOL Perpetual/USDT","Every 8 Hours","-0.0084%"
"06/17/2024 16:00:00","SOL Perpetual/USDT","Every 8 Hours","0.0038%"
"06/17/2024 08:00:00","SOL Perpetual/USDT","Every 8 Hours","0.0103%"
"06/17/2024 00:00:00","SOL Perpetual/USDT","Every 8 Hours","-0.0045%"
"06/16/2024 16:00:00","SOL Perpetual/USDT","Every 8 Hours","-0.0057%"
"06/16/2024 08:00:00","SOL Perpetual/USDT","Every 8 Hours","-0.0018%"
"06/16/2024 00:00:00","SOL Perpetual/USDT","Every 8 Hours","0.0138%"
"06/15/2024 16:00:00","SOL Perpetual/USDT","Every 8 Hours","-0.0050%"
"06/15/2024 08:00:00","SOL Perpetual/USDT","Every 8 Hours","0.0017%"
"06/15/2024 00:00:00","SOL Perpetual/USDT","Every 8 Hours","0.0079%"
"06/14/2024 16:00:00","SOL Perpetual/USDT","Every 8 Hours","-0.0016%"
"06/14/2024 08:00:00","SOL Perpetual/USDT","Every 8 Hours","0.0129%"
"06/14/2024 00:00:00","SOL Perpetual/USDT","Every 8 Hours","-0.0070%"
"06/13/2024 16:00:00","SOL Perpetual/USDT","Every 8 Hours","0.0127%"
"06/13/2024 08:00:00","SOL Perpetual/USDT","Every 8 Hours","-0.0051%"
"06/13/2024 00:00:00","SOL Perpetual/USDT","Every 8 Hours","0.0189%"
"06/12/2024 16:00:00","SOL Perpetual/USDT","Every 8 Hours","-0.0037%"
"06/12/2024 08:00:00","SOL Perpetual/USDT","Every 8 Hours","0.0048%"
"06/12/2024 00:00:00","SOL Perpetual/USDT","Every 8 Hours","-0.0001%"
"06/11/2024 16:00:00","SOL Perpetual/USDT","Every 8 Hours","0.0029%"
"06/11/2024 08:00:00","SOL Perpetual/USDT","Every 8 Hours","-0.0031%"
"06/11/2024 00:00:00","SOL Perpetual/USDT","Every 8 Hours","0.0147%"
"06/10/2024 16:00:00","SOL Perpetual/USDT","Every 8 Hours","0.0051%"
"06/10/2024 08:00:00","SOL Perpetual/USDT","Every 8 Hours","0.0122%"
"06/10/2024 00:00:00","SOL Perpetual/USDT","Every 8 Hours","0.0205%"
"06/09/2024 16:00:00","SOL Perpetual/USDT","Every 8 Hours","-0.0011%"
"06/09/2024 08:00:00","SOL Perpetual/USDT","Every 8 Hours","0.0063%"
"06/09/2024 00:00:00","SOL Perpetual/USDT","Every 8 Hours","0.0161%"
"06/08/2024 16:00:00","SOL Perpetual/USDT","Every 8 Hours","0.0052%"
"06/08/2024 08:00:00","SOL Perpetual/USDT","Every 8 Hours","0.0166%"
"06/08/2024 00:00:00","SOL Perpetual/USDT","Every 8 Hours","0.0011%"
"06/07/2024 16:00:00","SOL Perpetual/USDT","Every 8 Hours","0.0127%"
"06/07/2024 08:00:00","SOL Perpetual/USDT","Every 8 Hours","0.0261%"
"06/07/2024 00:00:00","SOL Perpetual/USDT","Every 8 Hours","0.0292%"
"06/06/2024 16:00:00","SOL Perpetual/USDT","Every 8 Hours","0.0351%"
"06/06/2024 08:00:00","SOL Perpetual/USDT","Every 8 Hours","0.0274%"
"06/06/2024 00:00:00","SOL Perpetual/USDT","Every 8 Hours","0.0388%"
"06/05/2024 16:00:00","SOL Perpetual/USDT","Every 8 Hours","0.0249%"
"06/05/2024 08:00:00","SOL Perpetual/USDT","Every 8 Hours","0.0292%"
"06/05/2024 00:00:00","SOL Perpetual/USDT","Every 8 Hours","0.0241%"
"06/04/2024 16:00:00","SOL Perpetual/USDT","Every 8 Hours","0.0062%"
"06/04/2024 08:00:00","SOL Perpetual/USDT","Every 8 Hours","0.0293%"
"06/04/2024 00:00:00","SOL Perpetual/USDT","Every 8 Hours","0.0203%"
"06/03/2024 16:00:00","SOL Perpetual/USDT","Every 8 Hours","0.0270%"
"06/03/2024 08:00:00","SOL Perpetual/USDT","Every 8 Hours","0.0207%"
"06/03/2024 00:00:00","SOL Perpetual/USDT","Every 8 Hours","0.0466%"
"06/02/2024 16:00:00","SOL Perpetual/USDT","Every 8 Hours","0.0251%"
"06/02/2024 08:00:00","SOL Perpetual/USDT","Every 8 Hours","0.0493%"
"06/02/2024 00:00:00","SOL Perpetual/USDT","Every 8 Hours","0.0341%"
"06/01/2024 16:00:00","SOL Perpetual/USDT","Every 8 Hours","0.0363%"
"06/01/2024 08:00:00","SOL Perpetual/USDT","Every 8 Hours","0.0265%"
"06/01/2024 00:00:00","SOL Perpetual/USDT","Every 8 Hours","0.0156%"
"05/31/2024 16:00:00","SOL Perpetual/USDT","Every 8 Hours","0.0526%"
"05/31/2024 08:00:00","SOL Perpetual/USDT","Every 8 Hours","0.0180%"
"05/31/2024 00:00:00","SOL Perpetual/USDT","Every 8 Hours","0.0465%"
"05/30/2024 16:00:00","SOL Perpetual/USDT","Every 8 Hours","0.0101%"
"05/30/2024 08:00:00","SOL Perpetual/USDT","Every 8 Hours","0.0293%"
"05/30/2024 00:00:00","SOL Perpetual/USDT","Every 8 Hours","0.0367%"
"05/29/2024 16:00:00","SOL Perpetual/USDT","Every 8 Hours","0.0206%"
"05/29/2024 08:00:00","SOL Perpetual/USDT","Every 8 Hours","0.0220%"
"05/29/2024 00:00:00","SOL Perpetual/USDT","Every 8 Hours","0.0367%"
"05/28/2024 16:00:00","SOL Perpetual/USDT","Every 8 Hours","0.0315%"
"05/28/2024 08:00:00","SOL Perpetual/USDT","Every 8 Hours","0.0218%"
"05/28/2024 00:00:00","SOL Perpetual/USDT","Every 8 Hours","0.0302%"
"05/27/2024 16:00:00","SOL Perpetual/USDT","Every 8 Hours","0.0126%"
"05/27/2024 08:00:00","SOL Perpetual/USDT","Every 8 Hours","0.0452%"
"05/27/2024 00:00:00","SOL Perpetual/USDT","Every 8 Hours","0.0181%"
"05/26/2024 16:00:00","SOL Perpetual/USDT","Every 8 Hours","0.0527%"
"05/26/2024 08:00:00","SOL Perpetual/USDT","Every 8 Hours","0.0341%"
"05/26/2024 00:00:00","SOL Perpetual/USDT","Every 8 Hours","0.0208%"
"05/25/2024 16:00:00","SOL Perpetual/USDT","Every 8 Hours","0.0292%"
"05/25/2024 08:00:00","SOL Perpetual/USDT","Every 8 Hours","0.0098%"
"05/25/2024 00:00:00","SOL Perpetual/USDT","Every 8 Hours","0.0118%"
"05/24/2024 16:00:00","SOL Perpetual/USDT","Every 8 Hours","0.0005%"
"05/24/2024 08:00:00","SOL Perpetual/USDT","Every 8 Hours","0.0308%"
"05/24/2024 00:00:00","SOL Perpetual/USDT","Every 8 Hours","0.0260%"
"05/23/2024 16:00:00","SOL Perpetual/USDT","Every 8 Hours","0.0239%"
"05/23/2024 08:00:00","SOL Perpetual/USDT","Every 8 Hours","0.0375%"
"05/23/2024 00:00:00","SOL Perpetual/USDT","Every 8 Hours","0.0434%"
"05/22/2024 16:00:00","SOL Perpetual/USDT","Every 8 Hours","0.0109%"
"05/22/2024 08:00:00","SOL Perpetual/USDT","Every 8 Hours","0.0250%"
"05/22/2024 00:00:00","SOL Perpetual/USDT","Every 8 Hours","0.0136%"
"05/21/2024 16:00:00","SOL Perpetual/USDT","Every 8 Hours","0.0400%"
"05/21/2024 08:00:00","SOL Perpetual/USDT","Every 8 Hours","0.0234%"
"05/21/2024 00:00:00","SOL Perpetual/USDT","Every 8 Hours","0.0412%"
"05/20/2024 16:00:00","SOL Perpetual/USDT","Every 8 Hours","-0.0008%"
"05/20/2024 08:00:00","SOL Perpetual/USDT","Every 8 Hours","-0.0024%"
"05/20/2024 00:00:00","SOL Perpetual/USDT","Every 8 Hours","-0.0051%"
"05/19/2024 16:00:00","SOL Perpetual/USDT","Every 8 Hours","0.0055%"
"05/19/2024 08:00:00","SOL Perpetual/USDT","Every 8 Hours","0.0005%"
"05/19/2024 00:00:00","SOL Perpetual/USDT","Every 8 Hours","0.0026%"
"05/18/2024 16:00:00","SOL Perpetual/USDT","Every 8 Hours","0.0097%"
"05/18/2024 08:00:00","SOL Perpetual/USDT","Every 8 Hours","0.0081%"
"05/18/2024 00:00:00","SOL Perpetual/USDT","Every 8 Hours","0.0010%"
"05/17/2024 16:00:00","SOL Perpetual/USDT","Every 8 Hours","0.0081%"
"05/17/2024 08:00:00","SOL Perpetual/USDT","Every 8 Hours","0.0111%"
"05/17/2024 00:00:00","SOL Perpetual/USDT","Every 8 Hours","-0.0065%"
"05/16/2024 16:00:00","SOL Perpetual/USDT","Every 8 Hours","0.0182%"
"05/16/2024 08:00:00","SOL Perpetual/USDT","Every 8 Hours","-0.0070%"
"05/16/2024 00:00:00","SOL Perpetual/USDT","Every 8 Hours","0.0110%"
"05/15/2024 16:00:00","SOL Perpetual/USDT","Every 8 Hours","-0.0109%"
"05/15/2024 08:00:00","SOL Perpetual/USDT","Every 8 Hours","-0.0017%"
"05/15/2024 00:00:00","SOL Perpetual/USDT","Every 8 Hours","-0.0007%"
"05/14/2024 16:00:00","SOL Perpetual/USDT","Every 8 Hours","0.0032%"
"05/14/2024 08:00:00","SOL Perpetual/USDT","Every 8 Hours","0.0070%"
"05/14/2024 00:00:00","SOL Perpetual/USDT","Every 8 Hours","-0.0044%"
"05/13/2024 16:00:00","SOL Perpetual/USDT","Every 8 Hours","-0.0004%"
"05/13/2024 08:00:00","SOL Perpetual/USDT","Every 8 Hours","0.0101%"
"05/13/2024 00:00:00","SOL Perpetual/USDT","Every 8 Hours","0.0038%"
"05/12/2024 16:00:00","SOL Perpetual/USDT","Every 8 Hours","0.0004%"
"05/12/2024 08:00:00","SOL Perpetual/USDT","Every 8 Hours","0.0158%"
"05/12/2024 00:00:00","SOL Perpetual/USDT","Every 8 Hours","-0.0055%"
"05/11/2024 16:00:00","SOL Perpetual/USDT","Every 8 Hours","0.0071%"
"05/11/2024 08:00:00","SOL Perpetual/USDT","Every 8 Hours","-0.0120%"
"05/11/2024 00:00:00","SOL Perpetual/USDT","Every 8 Hours","0.0131%"
"05/10/2024 16:00:00","SOL Perpetual/USDT","Every 8 Hours","0.0034%"
"05/10/2024 08:00:00","SOL Perpetual/USDT","Every 8 Hours","0.0088%"
"05/10/2024 00:00:00","SOL Perpetual/USDT","Every 8 Hours","-0.0037%"
"05/09/2024 16:00:00","SOL Perpetual/USDT","Every 8 Hours","-0.0115%"
"05/09/2024 08:00:00","SOL Perpetual/USDT","Every 8 Hours","0.0144%"
"05/09/2024 00:00:00","SOL Perpetual/USDT","Every 8 Hours","-0.0117%"
"05/08/2024 16:00:00","SOL Perpetual/USDT","Every 8 Hours","0.0095%"
"05/08/2024 08:00:00","SOL Perpetual/USDT","Every 8 Hours","0.0043%"
"05/08/2024 00:00:00","SOL Perpetual/USDT","Every 8 Hours","0.0090%"
"05/07/2024 16:00:00","SOL Perpetual/USDT","Every 8 Hours","0.0104%"
"05/07/2024 08:00:00","SOL Perpetual/USDT","Every 8 Hours","0.0022%"
"05/07/2024 00:00:00","SOL Perpetual/USDT","Every 8 Hours","-0.0074%"
"05/06/2024 16:00:00","SOL Perpetual/USDT","Every 8 Hours","0.0107%"
"05/06/2024 08:00:00","SOL Perpetual/USDT","Every 8 Hours","-0.0024%"
"05/06/2024 00:00:00","SOL Perpetual/USDT","Every 8 Hours","0.0040%"
"05/05/2024 16:00:00","SOL Perpetual/USDT","Every 8 Hours","0.0048%"
"05/05/2024 08:00:00","SOL Perpetual/USDT","Every 8 Hours","0.0016%"
"05/05/2024 00:00:00","SOL Perpetual/USDT","Every 8 Hours","0.0091%"
"05/04/2024 16:00:00","SOL Perpetual/USDT","Every 8 Hours","0.0024%"
"05/04/2024 08:00:00","SOL Perpetual/USDT","Every 8 Hours","0.0022%"
"05/04/2024 00:00:00","SOL Perpetual/USDT","Every 8 Hours","-0.0007%"
"05/03/2024 16:00:00","SOL Perpetual/USDT","Every 8 Hours","-0.0011%"
"05/03/2024 08:00:00","SOL Perpetual/USDT","Every 8 Hours","0.0005%"
"05/03/2024 00:00:00","SOL Perpetual/USDT","Every 8 Hours","-0.0003%"
"05/02/2024 16:00:00","SOL Perpetual/USDT","Every 8 Hours","-0.0044%"
"05/02/2024 08:00:00","SOL Perpetual/USDT","Every 8 Hours","0.0008%"
"05/02/2024 00:00:00","SOL Perpetual/USDT","Every 8 Hours","0.0058%"
"05/01/2024 16:00:00","SOL Perpetual/USDT","Every 8 Hours","-0.0055%"
"05/01/2024 08:00:00","SOL Perpetual/USDT","Every 8 Hours","0.0068%"
"05/01/2024 00:00:00","SOL Perpetual/USDT","Every 8 Hours","0.0004%"
"04/30/2024 16:00:00","SOL Perpetual/USDT","Every 8 Hours","0.0095%"
"04/30/2024 08:00:00","SOL Perpetual/USDT","Every 8 Hours","0.0083%"
"04/30/2024 00:00:00","SOL Perpetual/USDT","Every 8 Hours","0.0161%"
"04/29/2024 16:00:00","SOL Perpetual/USDT","Every 8 Hours","0.0077%"
"04/29/2024 08:00:00","SOL Perpetual/USDT","Every 8 Hours","0.0184%"
"04/29/2024 00:00:00","SOL Perpetual/USDT","Every 8 Hours","0.0092%"
"04/28/2024 16:00:00","SOL Perpetual/USDT","Every 8 Hours","0.0070%"
"04/28/2024 08:00:00","SOL Perpetual/USDT","Every 8 Hours","0.0174%"
"04/28/2024 00:00:00","SOL Perpetual/USDT","Every 8 Hours","0.0051%"
"04/27/2024 16:00:00","SOL Perpetual/USDT","Every 8 Hours","0.0020%"
"04/27/2024 08:00:00","SOL Perpetual/USDT","Every 8 Hours","0.0051%"
"04/27/2024 00:00:00","SOL Perpetual/USDT","Every 8 Hours","0.0083%"
"04/26/2024 16:00:00","SOL Perpetual/USDT","Every 8 Hours","0.0094%"
"04/26/2024 08:00:00","SOL Perpetual/USDT","Every 8 Hours","0.0202%"
"04/26/2024 00:00:00","SOL Perpetual/USDT","Every 8 Hours","0.0085%"
"04/25/2024 16:00:00","SOL Perpetual/USDT","Every 8 Hours","0.0121%"
"04/25/2024 08:00:00","SOL Perpetual/USDT","Every 8 Hours","0.0020%"
"04/25/2024 00:00:00","SOL Perpetual/USDT","Every 8 Hours","-0.0030%"
"04/24/2024 16:00:00","SOL Perpetual/USDT","Every 8 Hours","0.0110%"
"04/24/2024 08:00:00","SOL Perpetual/USDT","Every 8 Hours","-0.0003%"
"04/24/2024 00:00:00","SOL Perpetual/USDT","Every 8 Hours","0.0081%"
"04/23/2024 16:00:00","SOL Perpetual/USDT","Every 8 Hours","0.0069%"
"04/23/2024 08:00:00","SOL Perpetual/USDT","Every 8 Hours","0.0055%"
"04/23/2024 00:00:00","SOL Perpetual/USDT","Every 8 Hours","0%"
"04/22/2024 16:00:00","SOL Perpetual/USDT","Every 8 Hours","0.0042%"
"04/22/2024 08:00:00","SOL Perpetual/USDT","Every 8 Hours","0.0001%"
"04/22/2024 00:00:00","SOL Perpetual/USDT","Every 8 Hours","0.0100%"
"04/21/2024 16:00:00","SOL Perpetual/USDT","Every 8 Hours","0.0034%"
"04/21/2024 08:00:00","SOL Perpetual/USDT","Every 8 Hours","0.0044%"
"04/21/2024 00:00:00","SOL Perpetual/USDT","Every 8 Hours","0.0164%"
"04/20/2024 16:00:00","SOL Perpetual/USDT","Every 8 Hours","-0.0055%"
"04/20/2024 08:00:00","SOL Perpetual/USDT","Every 8 Hours","0.0090%"
"04/20/2024 00:00:00","SOL Perpetual/USDT","Every 8 Hours","0.0013%"
"04/19/2024 16:00:00","SOL Perpetual/USDT","Every 8 Hours","0.0084%"
"04/19/2024 08:00:00","SOL Perpetual/USDT","Every 8 Hours","-0.0061%"
"04/19/2024 00:00:00","SOL Perpetual/USDT","Every 8 Hours","0.0114%"
"04/18/2024 16:00:00","SOL Perpetual/USDT","Every 8 Hours","-0.0024%"
"04/18/2024 08:00:00","SOL Perpetual/USDT","Every 8 Hours","-0.0027%"
"04/18/2024 00:00:00","SOL Perpetual/USDT","Every 8 Hours","0.0110%"
"04/17/2024 16:00:00","SOL Perpetual/USDT","Every 8 Hours","0.0017%"
"04/17/2024 08:00:00","SOL Perpetual/USDT","Every 8 Hours","0.0041%"
"04/17/2024 00:00:00","SOL Perpetual/USDT","Every 8 Hours","-0.0001%"
"04/16/2024 16:00:00","SOL Perpetual/USDT","Every 8 Hours","0.0001%"
"04/16/2024 08:00:00","SOL Perpetual/USDT","Every 8 Hours","0.0058%"
"04/16/2024 00:00:00","SOL Perpetual/USDT","Every 8 Hours","-0.0063%"
"04/15/2024 16:00:00","SOL Perpetual/USDT","Every 8 Hours","0.0022%"
"04/15/2024 08:00:00","SOL Perpetual/USDT","Every 8 Hours","-0.0017%"
"04/15/2024 00:00:00","SOL Perpetual/USDT","Every 8 Hours","0.0061%"
"04/14/2024 16:00:00","SOL Perpetual/USDT","Every 8 Hours","-0.0073%"
"04/14/2024 08:00:00","SOL Perpetual/USDT","Every 8 Hours","-0.0047%"
"04/14/2024 00:00:00","SOL Perpetual/USDT","Every 8 Hours","-0.0039%"
"04/13/2024 16:00:00","SOL Perpetual/USDT","Every 8 Hours","-0.0055%"
"04/13/2024 08:00:00","SOL Perpetual/USDT","Every 8 Hours","-0.0215%"
"04/13/2024 00:00:00","SOL Perpetual/USDT","Every 8 Hours","0.0206%"
"04/12/2024 16:00:00","SOL Perpetual/USDT","Every 8 Hours","-0.0123%"
"04/12/2024 08:00:00","SOL Perpetual/USDT","Every 8 Hours","0.0675%"
"04/12/2024 00:00:00","SOL Perpetual/USDT","Every 8 Hours","0.0616%"
"04/11/2024 16:00:00","SOL Perpetual/USDT","Every 8 Hours","0.0405%"
"04/11/2024 08:00:00","SOL Perpetual/USDT","Every 8 Hours","0.0371%"
"04/11/2024 00:00:00","SOL Perpetual/USDT","Every 8 Hours","0.0599%"
"04/10/2024 16:00:00","SOL Perpetual/USDT","Every 8 Hours","0.0281%"
"04/10/2024 08:00:00","SOL Perpetual/USDT","Every 8 Hours","0.0616%"
"04/10/2024 00:00:00","SOL Perpetual/USDT","Every 8 Hours","0.0614%"
"04/09/2024 16:00:00","SOL Perpetual/USDT","Every 8 Hours","0.0422%"
"04/09/2024 08:00:00","SOL Perpetual/USDT","Every 8 Hours","0.0849%"
"04/09/2024 00:00:00","SOL Perpetual/USDT","Every 8 Hours","0.0245%"
"04/08/2024 16:00:00","SOL Perpetual/USDT","Every 8 Hours","0.0661%"
"04/08/2024 08:00:00","SOL Perpetual/USDT","Every 8 Hours","0.0225%"
"04/08/2024 00:00:00","SOL Perpetual/USDT","Every 8 Hours","0.0524%"
"04/07/2024 16:00:00","SOL Perpetual/USDT","Every 8 Hours","0.0141%"
"04/07/2024 08:00:00","SOL Perpetual/USDT","Every 8 Hours","0.0342%"
"04/07/2024 00:00:00","SOL Perpetual/USDT","Every 8 Hours","0.0044%"
"04/06/2024 16:00:00","SOL Perpetual/USDT","Every 8 Hours","0.0444%"
"04/06/2024 08:00:00","SOL Perpetual/USDT","Every 8 Hours","-0.0041%"
"04/06/2024 00:00:00","SOL Perpetual/USDT","Every 8 Hours","0.0365%"
"04/05/2024 16:00:00","SOL Perpetual/USDT","Every 8 Hours","0.0090%"
"04/05/2024 08:00:00","SOL Perpetual/USDT","Every 8 Hours","0.0570%"
"04/05/2024 00:00:00","SOL Perpetual/USDT","Every 8 Hours","0.0300%"
"04/04/2024 16:00:00","SOL Perpetual/USDT","Every 8 Hours","0.0420%"
"04/04/2024 08:00:00","SOL Perpetual/USDT","Every 8 Hours","0.0264%"
"04/04/2024 00:00:00","SOL Perpetual/USDT","Every 8 Hours","0.0245%"
"04/03/2024 16:00:00","SOL Perpetual/USDT","Every 8 Hours","0.0177%"
"04/03/2024 08:00:00","SOL Perpetual/USDT","Every 8 Hours","0.0079%"
"04/03/2024 00:00:00","SOL Perpetual/USDT","Every 8 Hours","0.0175%"
"04/02/2024 16:00:00","SOL Perpetual/USDT","Every 8 Hours","0.0112%"
"04/02/2024 08:00:00","SOL Perpetual/USDT","Every 8 Hours","0.0619%"
"04/02/2024 00:00:00","SOL Perpetual/USDT","Every 8 Hours","-0.0015%"
"04/01/2024 16:00:00","SOL Perpetual/USDT","Every 8 Hours","0.1199%"
"04/01/2024 08:00:00","SOL Perpetual/USDT","Every 8 Hours","0.0378%"
"04/01/2024 00:00:00","SOL Perpetual/USDT","Every 8 Hours","0.0872%"
"03/31/2024 16:00:00","SOL Perpetual/USDT","Every 8 Hours","0.1133%"
"03/31/2024 08:00:00","SOL Perpetual/USDT","Every 8 Hours","0.0831%"
"03/31/2024 00:00:00","SOL Perpetual/USDT","Every 8 Hours","0.0923%"
"03/30/2024 16:00:00","SOL Perpetual/USDT","Every 8 Hours","0.0654%"
"03/30/2024 08:00:00","SOL Perpetual/USDT","Every 8 Hours","0.0790%"
"03/30/2024 00:00:00","SOL Perpetual/USDT","Every 8 Hours","0.0628%"
"03/29/2024 16:00:00","SOL Perpetual/USDT","Every 8 Hours","0.0899%"
"03/29/2024 08:00:00","SOL Perpetual/USDT","Every 8 Hours","0.1225%"
"03/29/2024 00:00:00","SOL Perpetual/USDT","Every 8 Hours","0.0945%"
"03/28/2024 16:00:00","SOL Perpetual/USDT","Every 8 Hours","0.1000%"
"03/28/2024 08:00:00","SOL Perpetual/USDT","Every 8 Hours","0.0822%"
"03/28/2024 00:00:00","SOL Perpetual/USDT","Every 8 Hours","0.0691%"
"03/27/2024 16:00:00","SOL Perpetual/USDT","Every 8 Hours","0.0937%"
"03/27/2024 08:00:00","SOL Perpetual/USDT","Every 8 Hours","0.1479%"
"03/27/2024 00:00:00","SOL Perpetual/USDT","Every 8 Hours","0.0990%"
"03/26/2024 16:00:00","SOL Perpetual/USDT","Every 8 Hours","0.1027%"
"03/26/2024 08:00:00","SOL Perpetual/USDT","Every 8 Hours","0.0480%"
"03/26/2024 00:00:00","SOL Perpetual/USDT","Every 8 Hours","0.0625%"
"03/25/2024 16:00:00","SOL Perpetual/USDT","Every 8 Hours","0.0453%"
"03/25/2024 08:00:00","SOL Perpetual/USDT","Every 8 Hours","0.0237%"
"03/25/2024 00:00:00","SOL Perpetual/USDT","Every 8 Hours","0.0419%"
"03/24/2024 16:00:00","SOL Perpetual/USDT","Every 8 Hours","0.0371%"
"03/24/2024 08:00:00","SOL Perpetual/USDT","Every 8 Hours","0.0525%"
"03/24/2024 00:00:00","SOL Perpetual/USDT","Every 8 Hours","0.0253%"
"03/23/2024 16:00:00","SOL Perpetual/USDT","Every 8 Hours","0.0369%"
"03/23/2024 08:00:00","SOL Perpetual/USDT","Every 8 Hours","0.0311%"
"03/23/2024 00:00:00","SOL Perpetual/USDT","Every 8 Hours","0.0223%"
"03/22/2024 16:00:00","SOL Perpetual/USDT","Every 8 Hours","0.0432%"
"03/22/2024 08:00:00","SOL Perpetual/USDT","Every 8 Hours","0.0515%"
"03/22/2024 00:00:00","SOL Perpetual/USDT","Every 8 Hours","0.0249%"
"03/21/2024 16:00:00","SOL Perpetual/USDT","Every 8 Hours","0.0643%"
"03/21/2024 08:00:00","SOL Perpetual/USDT","Every 8 Hours","0.0442%"
"03/21/2024 00:00:00","SOL Perpetual/USDT","Every 8 Hours","0.0553%"
"03/20/2024 16:00:00","SOL Perpetual/USDT","Every 8 Hours","0.0273%"
"03/20/2024 08:00:00","SOL Perpetual/USDT","Every 8 Hours","0.0252%"
"03/20/2024 00:00:00","SOL Perpetual/USDT","Every 8 Hours","0.0224%"
"03/19/2024 16:00:00","SOL Perpetual/USDT","Every 8 Hours","0.0231%"
"03/19/2024 08:00:00","SOL Perpetual/USDT","Every 8 Hours","0.0436%"
"03/19/2024 00:00:00","SOL Perpetual/USDT","Every 8 Hours","0.0395%"
"03/18/2024 16:00:00","SOL Perpetual/USDT","Every 8 Hours","0.1157%"
"03/18/2024 08:00:00","SOL Perpetual/USDT","Every 8 Hours","0.0248%"
"03/18/2024 00:00:00","SOL Perpetual/USDT","Every 8 Hours","0.0691%"
"03/17/2024 16:00:00","SOL Perpetual/USDT","Every 8 Hours","0.0344%"
"03/17/2024 08:00:00","SOL Perpetual/USDT","Every 8 Hours","0.0364%"
"03/17/2024 00:00:00","SOL Perpetual/USDT","Every 8 Hours","0.0245%"
"03/16/2024 16:00:00","SOL Perpetual/USDT","Every 8 Hours","0.0993%"
"03/16/2024 08:00:00","SOL Perpetual/USDT","Every 8 Hours","0.0171%"
"03/16/2024 00:00:00","SOL Perpetual/USDT","Every 8 Hours","0.1013%"
"03/15/2024 16:00:00","SOL Perpetual/USDT","Every 8 Hours","0.0555%"
"03/15/2024 08:00:00","SOL Perpetual/USDT","Every 8 Hours","0.1266%"
"03/15/2024 00:00:00","SOL Perpetual/USDT","Every 8 Hours","0.1265%"
"03/14/2024 16:00:00","SOL Perpetual/USDT","Every 8 Hours","0.1269%"
"03/14/2024 08:00:00","SOL Perpetual/USDT","Every 8 Hours","0.1163%"
"03/14/2024 00:00:00","SOL Perpetual/USDT","Every 8 Hours","0.1013%"
"03/13/2024 16:00:00","SOL Perpetual/USDT","Every 8 Hours","0.0604%"
"03/13/2024 08:00:00","SOL Perpetual/USDT","Every 8 Hours","0.1110%"
"03/13/2024 00:00:00","SOL Perpetual/USDT","Every 8 Hours","0.1206%"
"03/12/2024 16:00:00","SOL Perpetual/USDT","Every 8 Hours","0.1246%"
"03/12/2024 08:00:00","SOL Perpetual/USDT","Every 8 Hours","0.0654%"
"03/12/2024 00:00:00","SOL Perpetual/USDT","Every 8 Hours","0.1162%"
"03/11/2024 16:00:00","SOL Perpetual/USDT","Every 8 Hours","0.1140%"
"03/11/2024 08:00:00","SOL Perpetual/USDT","Every 8 Hours","0.1526%"
"03/11/2024 00:00:00","SOL Perpetual/USDT","Every 8 Hours","0.0598%"
"03/10/2024 16:00:00","SOL Perpetual/USDT","Every 8 Hours","0.0950%"
"03/10/2024 08:00:00","SOL Perpetual/USDT","Every 8 Hours","0.1420%"
"03/09/2024 23:00:00","SOL Perpetual/USDT","Every 8 Hours","0.0818%"
"03/09/2024 15:00:00","SOL Perpetual/USDT","Every 8 Hours","0.1440%"
"03/09/2024 07:00:00","SOL Perpetual/USDT","Every 8 Hours","0.0799%"
"03/08/2024 23:00:00","SOL Perpetual/USDT","Every 8 Hours","0.1218%"
"03/08/2024 15:00:00","SOL Perpetual/USDT","Every 8 Hours","0.1142%"
"03/08/2024 07:00:00","SOL Perpetual/USDT","Every 8 Hours","0.1010%"
"03/07/2024 23:00:00","SOL Perpetual/USDT","Every 8 Hours","0.0777%"
"03/07/2024 15:00:00","SOL Perpetual/USDT","Every 8 Hours","0.0838%"
"03/07/2024 07:00:00","SOL Perpetual/USDT","Every 8 Hours","0.0547%"
"03/06/2024 23:00:00","SOL Perpetual/USDT","Every 8 Hours","0.0789%"
"03/06/2024 15:00:00","SOL Perpetual/USDT","Every 8 Hours","0.0349%"
"03/06/2024 07:00:00","SOL Perpetual/USDT","Every 8 Hours","0.1046%"
"03/05/2024 23:00:00","SOL Perpetual/USDT","Every 8 Hours","-0.0108%"
"03/05/2024 15:00:00","SOL Perpetual/USDT","Every 8 Hours","0.1298%"
"03/05/2024 07:00:00","SOL Perpetual/USDT","Every 8 Hours","0.2074%"
"03/04/2024 23:00:00","SOL Perpetual/USDT","Every 8 Hours","0.1837%"
"03/04/2024 15:00:00","SOL Perpetual/USDT","Every 8 Hours","0.1527%"
"03/04/2024 07:00:00","SOL Perpetual/USDT","Every 8 Hours","0.1447%"
"03/03/2024 23:00:00","SOL Perpetual/USDT","Every 8 Hours","0.1169%"
"03/03/2024 15:00:00","SOL Perpetual/USDT","Every 8 Hours","0.1220%"
"03/03/2024 07:00:00","SOL Perpetual/USDT","Every 8 Hours","0.0825%"
"03/02/2024 23:00:00","SOL Perpetual/USDT","Every 8 Hours","0.1454%"
"03/02/2024 15:00:00","SOL Perpetual/USDT","Every 8 Hours","0.1396%"
"03/02/2024 07:00:00","SOL Perpetual/USDT","Every 8 Hours","0.1196%"
"03/01/2024 23:00:00","SOL Perpetual/USDT","Every 8 Hours","0.1649%"
"03/01/2024 15:00:00","SOL Perpetual/USDT","Every 8 Hours","0.1114%"
"03/01/2024 07:00:00","SOL Perpetual/USDT","Every 8 Hours","0.0771%"
"02/29/2024 23:00:00","SOL Perpetual/USDT","Every 8 Hours","0.0803%"
"02/29/2024 15:00:00","SOL Perpetual/USDT","Every 8 Hours","0.1065%"
"02/29/2024 07:00:00","SOL Perpetual/USDT","Every 8 Hours","0.1791%"
"02/28/2024 23:00:00","SOL Perpetual/USDT","Every 8 Hours","0.1260%"
"02/28/2024 15:00:00","SOL Perpetual/USDT","Every 8 Hours","0.0933%"
"02/28/2024 07:00:00","SOL Perpetual/USDT","Every 8 Hours","0.1012%"
"02/27/2024 23:00:00","SOL Perpetual/USDT","Every 8 Hours","0.0454%"
"02/27/2024 15:00:00","SOL Perpetual/USDT","Every 8 Hours","0.0770%"
"02/27/2024 07:00:00","SOL Perpetual/USDT","Every 8 Hours","0.0674%"
"02/26/2024 23:00:00","SOL Perpetual/USDT","Every 8 Hours","0.1107%"
"02/26/2024 15:00:00","SOL Perpetual/USDT","Every 8 Hours","0.0489%"
"02/26/2024 07:00:00","SOL Perpetual/USDT","Every 8 Hours","0.0359%"
"02/25/2024 23:00:00","SOL Perpetual/USDT","Every 8 Hours","0.0675%"
"02/25/2024 15:00:00","SOL Perpetual/USDT","Every 8 Hours","0.0496%"
"02/25/2024 07:00:00","SOL Perpetual/USDT","Every 8 Hours","0.0575%"
"02/24/2024 23:00:00","SOL Perpetual/USDT","Every 8 Hours","0.0456%"
"02/24/2024 15:00:00","SOL Perpetual/USDT","Every 8 Hours","0.0403%"
"02/24/2024 07:00:00","SOL Perpetual/USDT","Every 8 Hours","0.0343%"
"02/23/2024 23:00:00","SOL Perpetual/USDT","Every 8 Hours","0.0470%"
"02/23/2024 15:00:00","SOL Perpetual/USDT","Every 8 Hours","0.0210%"
"02/23/2024 07:00:00","SOL Perpetual/USDT","Every 8 Hours","0.0445%"
"02/22/2024 23:00:00","SOL Perpetual/USDT","Every 8 Hours","0.0399%"
"02/22/2024 15:00:00","SOL Perpetual/USDT","Every 8 Hours","0.0526%"
"02/22/2024 07:00:00","SOL Perpetual/USDT","Every 8 Hours","0.0602%"
"02/21/2024 23:00:00","SOL Perpetual/USDT","Every 8 Hours","0.0246%"
"02/21/2024 15:00:00","SOL Perpetual/USDT","Every 8 Hours","0.0333%"
"02/21/2024 07:00:00","SOL Perpetual/USDT","Every 8 Hours","0.0490%"
"02/20/2024 23:00:00","SOL Perpetual/USDT","Every 8 Hours","0.0258%"
"02/20/2024 15:00:00","SOL Perpetual/USDT","Every 8 Hours","0.0591%"
"02/20/2024 07:00:00","SOL Perpetual/USDT","Every 8 Hours","0.0439%"
"02/19/2024 23:00:00","SOL Perpetual/USDT","Every 8 Hours","0.0890%"
"02/19/2024 15:00:00","SOL Perpetual/USDT","Every 8 Hours","0.0492%"
"02/19/2024 07:00:00","SOL Perpetual/USDT","Every 8 Hours","0.0647%"
"02/18/2024 23:00:00","SOL Perpetual/USDT","Every 8 Hours","0.0563%"
"02/18/2024 15:00:00","SOL Perpetual/USDT","Every 8 Hours","0.0379%"
"02/18/2024 07:00:00","SOL Perpetual/USDT","Every 8 Hours","0.0368%"
"02/17/2024 23:00:00","SOL Perpetual/USDT","Every 8 Hours","0.0469%"
"02/17/2024 15:00:00","SOL Perpetual/USDT","Every 8 Hours","0.0318%"
"02/17/2024 07:00:00","SOL Perpetual/USDT","Every 8 Hours","0.0592%"
"02/16/2024 23:00:00","SOL Perpetual/USDT","Every 8 Hours","0.0454%"
"02/16/2024 15:00:00","SOL Perpetual/USDT","Every 8 Hours","0.0344%"
"02/16/2024 07:00:00","SOL Perpetual/USDT","Every 8 Hours","0.0482%"
"02/15/2024 23:00:00","SOL Perpetual/USDT","Every 8 Hours","0.0691%"
"02/15/2024 15:00:00","SOL Perpetual/USDT","Every 8 Hours","0.0586%"
"02/15/2024 07:00:00","SOL Perpetual/USDT","Every 8 Hours","0.0586%"
"02/14/2024 23:00:00","SOL Perpetual/USDT","Every 8 Hours","0.0237%"
"02/14/2024 15:00:00","SOL Perpetual/USDT","Every 8 Hours","0.0492%"
"02/14/2024 07:00:00","SOL Perpetual/USDT","Every 8 Hours","0.0364%"
"02/13/2024 23:00:00","SOL Perpetual/USDT","Every 8 Hours","0.0153%"
"02/13/2024 15:00:00","SOL Perpetual/USDT","Every 8 Hours","0.0412%"
"02/13/2024 07:00:00","SOL Perpetual/USDT","Every 8 Hours","0.0430%"
"02/12/2024 23:00:00","SOL Perpetual/USDT","Every 8 Hours","0.0649%"
"02/12/2024 15:00:00","SOL Perpetual/USDT","Every 8 Hours","0.0464%"
"02/12/2024 07:00:00","SOL Perpetual/USDT","Every 8 Hours","0.0239%"
"02/11/2024 23:00:00","SOL Perpetual/USDT","Every 8 Hours","0.0277%"
"02/11/2024 15:00:00","SOL Perpetual/USDT","Every 8 Hours","0.0346%"
"02/11/2024 07:00:00","SOL Perpetual/USDT","Every 8 Hours","0.0366%"
"02/10/2024 23:00:00","SOL Perpetual/USDT","Every 8 Hours","0.0354%"
"02/10/2024 15:00:00","SOL Perpetual/USDT","Every 8 Hours","0.0261%"
"02/10/2024 07:00:00","SOL Perpetual/USDT","Every 8 Hours","0.0200%"
"02/09/2024 23:00:00","SOL Perpetual/USDT","Every 8 Hours","0.0261%"
"02/09/2024 15:00:00","SOL Perpetual/USDT","Every 8 Hours","0.0309%"
"02/09/2024 07:00:00","SOL Perpetual/USDT","Every 8 Hours","0.0130%"
"02/08/2024 23:00:00","SOL Perpetual/USDT","Every 8 Hours","0.0044%"
"02/08/2024 15:00:00","SOL Perpetual/USDT","Every 8 Hours","-0.0024%"
"02/08/2024 07:00:00","SOL Perpetual/USDT","Every 8 Hours","0.0144%"
"02/07/2024 23:00:00","SOL Perpetual/USDT","Every 8 Hours","0.0210%"
"02/07/2024 15:00:00","SOL Perpetual/USDT","Every 8 Hours","0.0021%"
"02/07/2024 07:00:00","SOL Perpetual/USDT","Every 8 Hours","0.0369%"
"02/06/2024 23:00:00","SOL Perpetual/USDT","Every 8 Hours","0.0114%"
"02/06/2024 15:00:00","SOL Perpetual/USDT","Every 8 Hours","0.0255%"
"02/06/2024 07:00:00","SOL Perpetual/USDT","Every 8 Hours","0.0230%"
"02/05/2024 23:00:00","SOL Perpetual/USDT","Every 8 Hours","0.0100%"
"02/05/2024 15:00:00","SOL Perpetual/USDT","Every 8 Hours","0.0088%"
"02/05/2024 07:00:00","SOL Perpetual/USDT","Every 8 Hours","0.0043%"
"02/04/2024 23:00:00","SOL Perpetual/USDT","Every 8 Hours","0.0022%"
"02/04/2024 15:00:00","SOL Perpetual/USDT","Every 8 Hours","0.0007%"
"02/04/2024 07:00:00","SOL Perpetual/USDT","Every 8 Hours","0.0122%"
"02/03/2024 23:00:00","SOL Perpetual/USDT","Every 8 Hours","0.0002%"
"02/03/2024 15:00:00","SOL Perpetual/USDT","Every 8 Hours","0.0096%"
"02/03/2024 07:00:00","SOL Perpetual/USDT","Every 8 Hours","0.0097%"
"02/02/2024 23:00:00","SOL Perpetual/USDT","Every 8 Hours","0.0118%"
"02/02/2024 15:00:00","SOL Perpetual/USDT","Every 8 Hours","0.0086%"
"02/02/2024 07:00:00","SOL Perpetual/USDT","Every 8 Hours","0.0007%"
"02/01/2024 23:00:00","SOL Perpetual/USDT","Every 8 Hours","0.0074%"
"02/01/2024 15:00:00","SOL Perpetual/USDT","Every 8 Hours","-0.0104%"
"02/01/2024 07:00:00","SOL Perpetual/USDT","Every 8 Hours","0.0092%"
"01/31/2024 23:00:00","SOL Perpetual/USDT","Every 8 Hours","0.0138%"
"01/31/2024 15:00:00","SOL Perpetual/USDT","Every 8 Hours","0.0076%"
"01/31/2024 07:00:00","SOL Perpetual/USDT","Every 8 Hours","0.0138%"
"01/30/2024 23:00:00","SOL Perpetual/USDT","Every 8 Hours","0.0111%"
"01/30/2024 15:00:00","SOL Perpetual/USDT","Every 8 Hours","0.0148%"
"01/30/2024 07:00:00","SOL Perpetual/USDT","Every 8 Hours","0.0135%"
"01/29/2024 23:00:00","SOL Perpetual/USDT","Every 8 Hours","0.0115%"
"01/29/2024 15:00:00","SOL Perpetual/USDT","Every 8 Hours","0.0153%"
"01/29/2024 07:00:00","SOL Perpetual/USDT","Every 8 Hours","0.0120%"
"01/28/2024 23:00:00","SOL Perpetual/USDT","Every 8 Hours","0.0147%"
"01/28/2024 15:00:00","SOL Perpetual/USDT","Every 8 Hours","0.0191%"
"01/28/2024 07:00:00","SOL Perpetual/USDT","Every 8 Hours","0.0085%"
"01/27/2024 23:00:00","SOL Perpetual/USDT","Every 8 Hours","0.0187%"
"01/27/2024 15:00:00","SOL Perpetual/USDT","Every 8 Hours","-0.0043%"
"01/27/2024 07:00:00","SOL Perpetual/USDT","Every 8 Hours","0.0243%"
"01/26/2024 23:00:00","SOL Perpetual/USDT","Every 8 Hours","0%"
"01/26/2024 15:00:00","SOL Perpetual/USDT","Every 8 Hours","0.0006%"
"01/26/2024 07:00:00","SOL Perpetual/USDT","Every 8 Hours","0.0040%"
"01/25/2024 23:00:00","SOL Perpetual/USDT","Every 8 Hours","0.0014%"
"01/25/2024 15:00:00","SOL Perpetual/USDT","Every 8 Hours","0.0065%"
"01/25/2024 07:00:00","SOL Perpetual/USDT","Every 8 Hours","0.0065%"
"01/24/2024 23:00:00","SOL Perpetual/USDT","Every 8 Hours","0.0217%"
"01/24/2024 15:00:00","SOL Perpetual/USDT","Every 8 Hours","0.0043%"
"01/24/2024 07:00:00","SOL Perpetual/USDT","Every 8 Hours","-0.0044%"
"01/23/2024 23:00:00","SOL Perpetual/USDT","Every 8 Hours","-0.0023%"
"01/23/2024 15:00:00","SOL Perpetual/USDT","Every 8 Hours","0.0045%"
"01/23/2024 07:00:00","SOL Perpetual/USDT","Every 8 Hours","0.0094%"
"01/22/2024 23:00:00","SOL Perpetual/USDT","Every 8 Hours","-0.0169%"
"01/22/2024 15:00:00","SOL Perpetual/USDT","Every 8 Hours","0.0106%"
"01/22/2024 07:00:00","SOL Perpetual/USDT","Every 8 Hours","0.0152%"
"01/21/2024 23:00:00","SOL Perpetual/USDT","Every 8 Hours","0.0124%"
"01/21/2024 15:00:00","SOL Perpetual/USDT","Every 8 Hours","0.0173%"
"01/21/2024 07:00:00","SOL Perpetual/USDT","Every 8 Hours","0.0076%"
"01/20/2024 23:00:00","SOL Perpetual/USDT","Every 8 Hours","0.0193%"
"01/20/2024 15:00:00","SOL Perpetual/USDT","Every 8 Hours","0.0050%"
"01/20/2024 07:00:00","SOL Perpetual/USDT","Every 8 Hours","0.0250%"
"01/19/2024 23:00:00","SOL Perpetual/USDT","Every 8 Hours","0.0161%"
"01/19/2024 15:00:00","SOL Perpetual/USDT","Every 8 Hours","0.0156%"
"01/19/2024 07:00:00","SOL Perpetual/USDT","Every 8 Hours","0.0140%"
"01/18/2024 23:00:00","SOL Perpetual/USDT","Every 8 Hours","0.0121%"
"01/18/2024 15:00:00","SOL Perpetual/USDT","Every 8 Hours","0.0097%"
"01/18/2024 07:00:00","SOL Perpetual/USDT","Every 8 Hours","0.0299%"
"01/17/2024 23:00:00","SOL Perpetual/USDT","Every 8 Hours","0.0214%"
"01/17/2024 15:00:00","SOL Perpetual/USDT","Every 8 Hours","0.0223%"
"01/17/2024 07:00:00","SOL Perpetual/USDT","Every 8 Hours","0.0122%"
"01/16/2024 23:00:00","SOL Perpetual/USDT","Every 8 Hours","0.0234%"
"01/16/2024 15:00:00","SOL Perpetual/USDT","Every 8 Hours","0.0187%"
"01/16/2024 07:00:00","SOL Perpetual/USDT","Every 8 Hours","0.0192%"
"01/15/2024 23:00:00","SOL Perpetual/USDT","Every 8 Hours","0.0254%"
"01/15/2024 15:00:00","SOL Perpetual/USDT","Every 8 Hours","0.0285%"
"01/15/2024 07:00:00","SOL Perpetual/USDT","Every 8 Hours","0.0179%"
"01/14/2024 23:00:00","SOL Perpetual/USDT","Every 8 Hours","0.0240%"
"01/14/2024 15:00:00","SOL Perpetual/USDT","Every 8 Hours","0.0149%"
"01/14/2024 07:00:00","SOL Perpetual/USDT","Every 8 Hours","0.0220%"
"01/13/2024 23:00:00","SOL Perpetual/USDT","Every 8 Hours","0.0085%"
"01/13/2024 15:00:00","SOL Perpetual/USDT","Every 8 Hours","0.0234%"
"01/13/2024 07:00:00","SOL Perpetual/USDT","Every 8 Hours","0.0182%"
"01/12/2024 23:00:00","SOL Perpetual/USDT","Every 8 Hours","0.0110%"
"01/12/2024 15:00:00","SOL Perpetual/USDT","Every 8 Hours","0.0344%"
"01/12/2024 07:00:00","SOL Perpetual/USDT","Every 8 Hours","0.0245%"
"01/11/2024 23:00:00","SOL Perpetual/USDT","Every 8 Hours","0.0128%"
"01/11/2024 15:00:00","SOL Perpetual/USDT","Every 8 Hours","0.0270%"
"01/11/2024 07:00:00","SOL Perpetual/USDT","Every 8 Hours","0.0335%"
"01/10/2024 23:00:00","SOL Perpetual/USDT","Every 8 Hours","0.0336%"
"01/10/2024 15:00:00","SOL Perpetual/USDT","Every 8 Hours","0.0299%"
"01/10/2024 07:00:00","SOL Perpetual/USDT","Every 8 Hours","0.0344%"
"01/09/2024 23:00:00","SOL Perpetual/USDT","Every 8 Hours","0.0151%"
"01/09/2024 15:00:00","SOL Perpetual/USDT","Every 8 Hours","0.0332%"
"01/09/2024 07:00:00","SOL Perpetual/USDT","Every 8 Hours","0.0211%"
"01/08/2024 23:00:00","SOL Perpetual/USDT","Every 8 Hours","0.0433%"
"01/08/2024 15:00:00","SOL Perpetual/USDT","Every 8 Hours","0.0199%"
"01/08/2024 07:00:00","SOL Perpetual/USDT","Every 8 Hours","0.0158%"
"01/07/2024 23:00:00","SOL Perpetual/USDT","Every 8 Hours","0.0122%"
"01/07/2024 15:00:00","SOL Perpetual/USDT","Every 8 Hours","0.0281%"
"01/07/2024 07:00:00","SOL Perpetual/USDT","Every 8 Hours","0.0154%"
"01/06/2024 23:00:00","SOL Perpetual/USDT","Every 8 Hours","0.0281%"
"01/06/2024 15:00:00","SOL Perpetual/USDT","Every 8 Hours","0.0212%"
"01/06/2024 07:00:00","SOL Perpetual/USDT","Every 8 Hours","0.0185%"
"01/05/2024 23:00:00","SOL Perpetual/USDT","Every 8 Hours","0.0234%"
"01/05/2024 15:00:00","SOL Perpetual/USDT","Every 8 Hours","0.0202%"
"01/05/2024 07:00:00","SOL Perpetual/USDT","Every 8 Hours","0.0219%"
"01/04/2024 23:00:00","SOL Perpetual/USDT","Every 8 Hours","0.0248%"
"01/04/2024 15:00:00","SOL Perpetual/USDT","Every 8 Hours","0.0371%"
"01/04/2024 07:00:00","SOL Perpetual/USDT","Every 8 Hours","0.0172%"
"01/03/2024 23:00:00","SOL Perpetual/USDT","Every 8 Hours","0.0541%"
"01/03/2024 15:00:00","SOL Perpetual/USDT","Every 8 Hours","-0.0120%"
"01/03/2024 07:00:00","SOL Perpetual/USDT","Every 8 Hours","0.0788%"
"01/02/2024 23:00:00","SOL Perpetual/USDT","Every 8 Hours","0.0837%"
"01/02/2024 15:00:00","SOL Perpetual/USDT","Every 8 Hours","0.1222%"
"01/02/2024 07:00:00","SOL Perpetual/USDT","Every 8 Hours","0.1270%"
"01/01/2024 23:00:00","SOL Perpetual/USDT","Every 8 Hours","0.1250%"
"01/01/2024 15:00:00","SOL Perpetual/USDT","Every 8 Hours","0.0747%"
"01/01/2024 07:00:00","SOL Perpetual/USDT","Every 8 Hours","0.0735%"
"12/31/2023 23:00:00","SOL Perpetual/USDT","Every 8 Hours","0.0712%"
"12/31/2023 15:00:00","SOL Perpetual/USDT","Every 8 Hours","0.0713%"
"12/31/2023 07:00:00","SOL Perpetual/USDT","Every 8 Hours","0.0850%"
"12/30/2023 23:00:00","SOL Perpetual/USDT","Every 8 Hours","0.0686%"
"12/30/2023 15:00:00","SOL Perpetual/USDT","Every 8 Hours","0.0931%"
"12/30/2023 07:00:00","SOL Perpetual/USDT","Every 8 Hours","0.0718%"
"12/29/2023 23:00:00","SOL Perpetual/USDT","Every 8 Hours","0.0970%"
"12/29/2023 15:00:00","SOL Perpetual/USDT","Every 8 Hours","0.1081%"
"12/29/2023 07:00:00","SOL Perpetual/USDT","Every 8 Hours","0.0954%"
"12/28/2023 23:00:00","SOL Perpetual/USDT","Every 8 Hours","0.1024%"
"12/28/2023 15:00:00","SOL Perpetual/USDT","Every 8 Hours","0.1232%"
"12/28/2023 07:00:00","SOL Perpetual/USDT","Every 8 Hours","0.1337%"
"12/27/2023 23:00:00","SOL Perpetual/USDT","Every 8 Hours","0.1130%"
"12/27/2023 15:00:00","SOL Perpetual/USDT","Every 8 Hours","0.1577%"
"12/27/2023 07:00:00","SOL Perpetual/USDT","Every 8 Hours","0.0942%"
"12/26/2023 23:00:00","SOL Perpetual/USDT","Every 8 Hours","0.0765%"
"12/26/2023 15:00:00","SOL Perpetual/USDT","Every 8 Hours","0.0885%"
"12/26/2023 07:00:00","SOL Perpetual/USDT","Every 8 Hours","0.0934%"
"12/25/2023 23:00:00","SOL Perpetual/USDT","Every 8 Hours","0.0895%"
"12/25/2023 15:00:00","SOL Perpetual/USDT","Every 8 Hours","0.1509%"
"12/25/2023 07:00:00","SOL Perpetual/USDT","Every 8 Hours","0.0717%"
"12/24/2023 23:00:00","SOL Perpetual/USDT","Every 8 Hours","0.0938%"
"12/24/2023 15:00:00","SOL Perpetual/USDT","Every 8 Hours","0.0705%"
"12/24/2023 07:00:00","SOL Perpetual/USDT","Every 8 Hours","0.1142%"
"12/23/2023 23:00:00","SOL Perpetual/USDT","Every 8 Hours","0.0953%"
"12/23/2023 15:00:00","SOL Perpetual/USDT","Every 8 Hours","0.0416%"
"12/23/2023 07:00:00","SOL Perpetual/USDT","Every 8 Hours","0.0541%"
"12/22/2023 23:00:00","SOL Perpetual/USDT","Every 8 Hours","0.0514%"
"12/22/2023 15:00:00","SOL Perpetual/USDT","Every 8 Hours","0.0716%"
"12/22/2023 07:00:00","SOL Perpetual/USDT","Every 8 Hours","0.0839%"
"12/21/2023 23:00:00","SOL Perpetual/USDT","Every 8 Hours","0.0880%"
"12/21/2023 15:00:00","SOL Perpetual/USDT","Every 8 Hours","0.0576%"
"12/21/2023 07:00:00","SOL Perpetual/USDT","Every 8 Hours","0.0262%"
"12/20/2023 23:00:00","SOL Perpetual/USDT","Every 8 Hours","0.0238%"
"12/20/2023 15:00:00","SOL Perpetual/USDT","Every 8 Hours","0.0272%"
"12/20/2023 07:00:00","SOL Perpetual/USDT","Every 8 Hours","0.0487%"
"12/19/2023 23:00:00","SOL Perpetual/USDT","Every 8 Hours","0.0321%"
"12/19/2023 15:00:00","SOL Perpetual/USDT","Every 8 Hours","0.0413%"
"12/19/2023 07:00:00","SOL Perpetual/USDT","Every 8 Hours","0.0276%"
"12/18/2023 23:00:00","SOL Perpetual/USDT","Every 8 Hours","0.0149%"
"12/18/2023 15:00:00","SOL Perpetual/USDT","Every 8 Hours","0.0251%"
"12/18/2023 07:00:00","SOL Perpetual/USDT","Every 8 Hours","0.0196%"
"12/17/2023 23:00:00","SOL Perpetual/USDT","Every 8 Hours","0.0272%"
"12/17/2023 15:00:00","SOL Perpetual/USDT","Every 8 Hours","0.0340%"
"12/17/2023 07:00:00","SOL Perpetual/USDT","Every 8 Hours","0.0412%"
"12/16/2023 23:00:00","SOL Perpetual/USDT","Every 8 Hours","0.0381%"
"12/16/2023 15:00:00","SOL Perpetual/USDT","Every 8 Hours","0.0336%"
"12/16/2023 07:00:00","SOL Perpetual/USDT","Every 8 Hours","0.0226%"
"12/15/2023 23:00:00","SOL Perpetual/USDT","Every 8 Hours","0.0040%"
"12/15/2023 15:00:00","SOL Perpetual/USDT","Every 8 Hours","0.0502%"
"12/15/2023 07:00:00","SOL Perpetual/USDT","Every 8 Hours","0.0314%"
"12/14/2023 23:00:00","SOL Perpetual/USDT","Every 8 Hours","0.0562%"
"12/14/2023 15:00:00","SOL Perpetual/USDT","Every 8 Hours","0.0304%"
"12/14/2023 07:00:00","SOL Perpetual/USDT","Every 8 Hours","0.0067%"
"12/13/2023 23:00:00","SOL Perpetual/USDT","Every 8 Hours","0.0467%"
"12/13/2023 15:00:00","SOL Perpetual/USDT","Every 8 Hours","0.0303%"
"12/13/2023 07:00:00","SOL Perpetual/USDT","Every 8 Hours","0.0173%"
"12/12/2023 23:00:00","SOL Perpetual/USDT","Every 8 Hours","0.0333%"
"12/12/2023 15:00:00","SOL Perpetual/USDT","Every 8 Hours","0.0413%"
"12/12/2023 07:00:00","SOL Perpetual/USDT","Every 8 Hours","0.0402%"
"12/11/2023 23:00:00","SOL Perpetual/USDT","Every 8 Hours","0.0421%"
"12/11/2023 15:00:00","SOL Perpetual/USDT","Every 8 Hours","0.0476%"
"12/11/2023 07:00:00","SOL Perpetual/USDT","Every 8 Hours","0.0202%"
"12/10/2023 23:00:00","SOL Perpetual/USDT","Every 8 Hours","0.0595%"
"12/10/2023 15:00:00","SOL Perpetual/USDT","Every 8 Hours","0.0438%"
"12/10/2023 07:00:00","SOL Perpetual/USDT","Every 8 Hours","0.0765%"
"12/09/2023 23:00:00","SOL Perpetual/USDT","Every 8 Hours","0.0566%"
"12/09/2023 15:00:00","SOL Perpetual/USDT","Every 8 Hours","0.0515%"
"12/09/2023 07:00:00","SOL Perpetual/USDT","Every 8 Hours","0.0694%"
"12/08/2023 23:00:00","SOL Perpetual/USDT","Every 8 Hours","0.0671%"
"12/08/2023 15:00:00","SOL Perpetual/USDT","Every 8 Hours","0.0401%"
"12/08/2023 07:00:00","SOL Perpetual/USDT","Every 8 Hours","0.0424%"
"12/07/2023 23:00:00","SOL Perpetual/USDT","Every 8 Hours","0.0435%"
"12/07/2023 15:00:00","SOL Perpetual/USDT","Every 8 Hours","0.0717%"
"12/07/2023 07:00:00","SOL Perpetual/USDT","Every 8 Hours","0.0413%"
"12/06/2023 23:00:00","SOL Perpetual/USDT","Every 8 Hours","0.0128%"
"12/06/2023 15:00:00","SOL Perpetual/USDT","Every 8 Hours","0.0545%"
"12/06/2023 07:00:00","SOL Perpetual/USDT","Every 8 Hours","0.0728%"
"12/05/2023 23:00:00","SOL Perpetual/USDT","Every 8 Hours","0.0888%"
"12/05/2023 15:00:00","SOL Perpetual/USDT","Every 8 Hours","0.0593%"
"12/05/2023 07:00:00","SOL Perpetual/USDT","Every 8 Hours","0.0174%"
"12/04/2023 23:00:00","SOL Perpetual/USDT","Every 8 Hours","0.0445%"
"12/04/2023 15:00:00","SOL Perpetual/USDT","Every 8 Hours","0.0039%"
"12/04/2023 07:00:00","SOL Perpetual/USDT","Every 8 Hours","0.0830%"
"12/03/2023 23:00:00","SOL Perpetual/USDT","Every 8 Hours","0.0527%"
"12/03/2023 15:00:00","SOL Perpetual/USDT","Every 8 Hours","0.0582%"
"12/03/2023 07:00:00","SOL Perpetual/USDT","Every 8 Hours","0.0357%"
"12/02/2023 23:00:00","SOL Perpetual/USDT","Every 8 Hours","0.0450%"
"12/02/2023 15:00:00","SOL Perpetual/USDT","Every 8 Hours","0.0176%"
"12/02/2023 07:00:00","SOL Perpetual/USDT","Every 8 Hours","0.0470%"
"12/01/2023 23:00:00","SOL Perpetual/USDT","Every 8 Hours","0.0344%"
"12/01/2023 15:00:00","SOL Perpetual/USDT","Every 8 Hours","0.0244%"
"12/01/2023 07:00:00","SOL Perpetual/USDT","Every 8 Hours","0.0121%"
"11/30/2023 23:00:00","SOL Perpetual/USDT","Every 8 Hours","0.0183%"
"11/30/2023 15:00:00","SOL Perpetual/USDT","Every 8 Hours","0.0222%"
"11/30/2023 07:00:00","SOL Perpetual/USDT","Every 8 Hours","0.0025%"
"11/29/2023 23:00:00","SOL Perpetual/USDT","Every 8 Hours","0.0162%"
"11/29/2023 15:00:00","SOL Perpetual/USDT","Every 8 Hours","0.0263%"
"11/29/2023 07:00:00","SOL Perpetual/USDT","Every 8 Hours","0.0176%"
"11/28/2023 23:00:00","SOL Perpetual/USDT","Every 8 Hours","0.0119%"
"11/28/2023 15:00:00","SOL Perpetual/USDT","Every 8 Hours","0.0114%"
"11/28/2023 07:00:00","SOL Perpetual/USDT","Every 8 Hours","0.0183%"
"11/27/2023 23:00:00","SOL Perpetual/USDT","Every 8 Hours","0.0030%"
"11/27/2023 15:00:00","SOL Perpetual/USDT","Every 8 Hours","0.0296%"
"11/27/2023 07:00:00","SOL Perpetual/USDT","Every 8 Hours","0.0240%"
"11/26/2023 23:00:00","SOL Perpetual/USDT","Every 8 Hours","0.0243%"
"11/26/2023 15:00:00","SOL Perpetual/USDT","Every 8 Hours","0.0237%"
"11/26/2023 07:00:00","SOL Perpetual/USDT","Every 8 Hours","0.0392%"
"11/25/2023 23:00:00","SOL Perpetual/USDT","Every 8 Hours","0.0343%"
"11/25/2023 15:00:00","SOL Perpetual/USDT","Every 8 Hours","0.0160%"
"11/25/2023 07:00:00","SOL Perpetual/USDT","Every 8 Hours","0.0445%"
"11/24/2023 23:00:00","SOL Perpetual/USDT","Every 8 Hours","0.0267%"
"11/24/2023 15:00:00","SOL Perpetual/USDT","Every 8 Hours","0.0266%"
"11/24/2023 07:00:00","SOL Perpetual/USDT","Every 8 Hours","0.0314%"
"11/23/2023 23:00:00","SOL Perpetual/USDT","Every 8 Hours","0.0240%"
"11/23/2023 15:00:00","SOL Perpetual/USDT","Every 8 Hours","0.0188%"
"11/23/2023 07:00:00","SOL Perpetual/USDT","Every 8 Hours","0.0405%"
"11/22/2023 23:00:00","SOL Perpetual/USDT","Every 8 Hours","0.0272%"
"11/22/2023 15:00:00","SOL Perpetual/USDT","Every 8 Hours","0.0116%"
"11/22/2023 07:00:00","SOL Perpetual/USDT","Every 8 Hours","0.0070%"
"11/21/2023 23:00:00","SOL Perpetual/USDT","Every 8 Hours","0.0170%"
"11/21/2023 15:00:00","SOL Perpetual/USDT","Every 8 Hours","0.0218%"
"11/21/2023 07:00:00","SOL Perpetual/USDT","Every 8 Hours","0.0225%"
"11/20/2023 23:00:00","SOL Perpetual/USDT","Every 8 Hours","0.0199%"
"11/20/2023 15:00:00","SOL Perpetual/USDT","Every 8 Hours","0.0288%"
"11/20/2023 07:00:00","SOL Perpetual/USDT","Every 8 Hours","0.0359%"
"11/19/2023 23:00:00","SOL Perpetual/USDT","Every 8 Hours","0.0110%"
"11/19/2023 15:00:00","SOL Perpetual/USDT","Every 8 Hours","0.0358%"
"11/19/2023 07:00:00","SOL Perpetual/USDT","Every 8 Hours","0.0078%"
"11/18/2023 23:00:00","SOL Perpetual/USDT","Every 8 Hours","0.0356%"
"11/18/2023 15:00:00","SOL Perpetual/USDT","Every 8 Hours","0.0123%"
"11/18/2023 07:00:00","SOL Perpetual/USDT","Every 8 Hours","0.0359%"
"11/17/2023 23:00:00","SOL Perpetual/USDT","Every 8 Hours","0.0248%"
"11/17/2023 15:00:00","SOL Perpetual/USDT","Every 8 Hours","0.0226%"
"11/17/2023 07:00:00","SOL Perpetual/USDT","Every 8 Hours","0.0199%"
"11/16/2023 23:00:00","SOL Perpetual/USDT","Every 8 Hours","0.0169%"
"11/16/2023 15:00:00","SOL Perpetual/USDT","Every 8 Hours","0.0738%"
"11/16/2023 07:00:00","SOL Perpetual/USDT","Every 8 Hours","0.0404%"
"11/15/2023 23:00:00","SOL Perpetual/USDT","Every 8 Hours","0.0642%"
"11/15/2023 15:00:00","SOL Perpetual/USDT","Every 8 Hours","0.0515%"
"11/15/2023 07:00:00","SOL Perpetual/USDT","Every 8 Hours","0.0275%"
"11/14/2023 23:00:00","SOL Perpetual/USDT","Every 8 Hours","0.0236%"
"11/14/2023 15:00:00","SOL Perpetual/USDT","Every 8 Hours","0.0469%"
"11/14/2023 07:00:00","SOL Perpetual/USDT","Every 8 Hours","0.0216%"
"11/13/2023 23:00:00","SOL Perpetual/USDT","Every 8 Hours","0.0491%"
"11/13/2023 15:00:00","SOL Perpetual/USDT","Every 8 Hours","0.0642%"
"11/13/2023 07:00:00","SOL Perpetual/USDT","Every 8 Hours","0.0510%"
"11/12/2023 23:00:00","SOL Perpetual/USDT","Every 8 Hours","0.1241%"
"11/12/2023 15:00:00","SOL Perpetual/USDT","Every 8 Hours","0.1114%"
"11/12/2023 07:00:00","SOL Perpetual/USDT","Every 8 Hours","0.0857%"
"11/11/2023 23:00:00","SOL Perpetual/USDT","Every 8 Hours","0.0845%"
"11/11/2023 15:00:00","SOL Perpetual/USDT","Every 8 Hours","0.2103%"
"11/11/2023 07:00:00","SOL Perpetual/USDT","Every 8 Hours","0.0888%"
"11/10/2023 23:00:00","SOL Perpetual/USDT","Every 8 Hours","0.0852%"
"11/10/2023 15:00:00","SOL Perpetual/USDT","Every 8 Hours","0.0523%"
"11/10/2023 07:00:00","SOL Perpetual/USDT","Every 8 Hours","0.0795%"
"11/09/2023 23:00:00","SOL Perpetual/USDT","Every 8 Hours","0.0422%"
"11/09/2023 15:00:00","SOL Perpetual/USDT","Every 8 Hours","0.0525%"
"11/09/2023 07:00:00","SOL Perpetual/USDT","Every 8 Hours","0.0267%"
"11/08/2023 23:00:00","SOL Perpetual/USDT","Every 8 Hours","0.0513%"
"11/08/2023 15:00:00","SOL Perpetual/USDT","Every 8 Hours","0.0463%"
"11/08/2023 07:00:00","SOL Perpetual/USDT","Every 8 Hours","0.0476%"
"11/07/2023 23:00:00","SOL Perpetual/USDT","Every 8 Hours","0.0382%"
"11/07/2023 15:00:00","SOL Perpetual/USDT","Every 8 Hours","0.0413%"
"11/07/2023 07:00:00","SOL Perpetual/USDT","Every 8 Hours","0.0324%"
"11/06/2023 23:00:00","SOL Perpetual/USDT","Every 8 Hours","0.0490%"
"11/06/2023 15:00:00","SOL Perpetual/USDT","Every 8 Hours","0.0460%"
"11/06/2023 07:00:00","SOL Perpetual/USDT","Every 8 Hours","0.0400%"
"11/05/2023 23:00:00","SOL Perpetual/USDT","Every 8 Hours","0.0225%"
"11/05/2023 15:00:00","SOL Perpetual/USDT","Every 8 Hours","0.0432%"
"11/05/2023 07:00:00","SOL Perpetual/USDT","Every 8 Hours","0.0441%"
"11/05/2023 00:00:00","SOL Perpetual/USDT","Every 8 Hours","0.0385%"
"11/04/2023 16:00:00","SOL Perpetual/USDT","Every 8 Hours","0.0292%"
"11/04/2023 08:00:00","SOL Perpetual/USDT","Every 8 Hours","0.0198%"
"11/04/2023 00:00:00","SOL Perpetual/USDT","Every 8 Hours","0.0504%"
"11/03/2023 16:00:00","SOL Perpetual/USDT","Every 8 Hours","0.0383%"
"11/03/2023 08:00:00","SOL Perpetual/USDT","Every 8 Hours","0.0288%"
"11/03/2023 00:00:00","SOL Perpetual/USDT","Every 8 Hours","0.0450%"
"11/02/2023 16:00:00","SOL Perpetual/USDT","Every 8 Hours","0.0489%"
"11/02/2023 08:00:00","SOL Perpetual/USDT","Every 8 Hours","0.0266%"
"11/02/2023 00:00:00","SOL Perpetual/USDT","Every 8 Hours","0.1027%"
"11/01/2023 16:00:00","SOL Perpetual/USDT","Every 8 Hours","-0.0163%"
"11/01/2023 08:00:00","SOL Perpetual/USDT","Every 8 Hours","-0.0082%"
"11/01/2023 00:00:00","SOL Perpetual/USDT","Every 8 Hours","-0.0043%"
"10/31/2023 16:00:00","SOL Perpetual/USDT","Every 8 Hours","-0.0006%"
"10/31/2023 08:00:00","SOL Perpetual/USDT","Every 8 Hours","-0.0020%"
"10/31/2023 00:00:00","SOL Perpetual/USDT","Every 8 Hours","0.0190%"
"10/30/2023 16:00:00","SOL Perpetual/USDT","Every 8 Hours","0.0151%"
"10/30/2023 08:00:00","SOL Perpetual/USDT","Every 8 Hours","0.0066%"
"10/30/2023 00:00:00","SOL Perpetual/USDT","Every 8 Hours","0.0158%"
"10/29/2023 16:00:00","SOL Perpetual/USDT","Every 8 Hours","-0.0006%"
"10/29/2023 08:00:00","SOL Perpetual/USDT","Every 8 Hours","0.0108%"
"10/29/2023 00:00:00","SOL Perpetual/USDT","Every 8 Hours","0.0039%"
"10/28/2023 16:00:00","SOL Perpetual/USDT","Every 8 Hours","0.0088%"
"10/28/2023 08:00:00","SOL Perpetual/USDT","Every 8 Hours","0.0326%"
"10/28/2023 00:00:00","SOL Perpetual/USDT","Every 8 Hours","0.0308%"
"10/27/2023 16:00:00","SOL Perpetual/USDT","Every 8 Hours","0.0292%"
"10/27/2023 08:00:00","SOL Perpetual/USDT","Every 8 Hours","0.0299%"
"10/27/2023 00:00:00","SOL Perpetual/USDT","Every 8 Hours","0.0252%"
"10/26/2023 16:00:00","SOL Perpetual/USDT","Every 8 Hours","0.0271%"
"10/26/2023 08:00:00","SOL Perpetual/USDT","Every 8 Hours","0.0169%"
"10/26/2023 00:00:00","SOL Perpetual/USDT","Every 8 Hours","0.0228%"
"10/25/2023 16:00:00","SOL Perpetual/USDT","Every 8 Hours","0.0295%"
"10/25/2023 08:00:00","SOL Perpetual/USDT","Every 8 Hours","-0.0031%"
"10/25/2023 00:00:00","SOL Perpetual/USDT","Every 8 Hours","0.0025%"
"10/24/2023 16:00:00","SOL Perpetual/USDT","Every 8 Hours","0.0142%"
"10/24/2023 08:00:00","SOL Perpetual/USDT","Every 8 Hours","0.0208%"
"10/24/2023 00:00:00","SOL Perpetual/USDT","Every 8 Hours","0.0235%"
"10/23/2023 16:00:00","SOL Perpetual/USDT","Every 8 Hours","-0.0042%"
"10/23/2023 08:00:00","SOL Perpetual/USDT","Every 8 Hours","-0.0005%"
"10/23/2023 00:00:00","SOL Perpetual/USDT","Every 8 Hours","-0.0097%"
"10/22/2023 16:00:00","SOL Perpetual/USDT","Every 8 Hours","0.0055%"
"10/22/2023 08:00:00","SOL Perpetual/USDT","Every 8 Hours","-0.0092%"
"10/22/2023 00:00:00","SOL Perpetual/USDT","Every 8 Hours","-0.0143%"
"10/21/2023 16:00:00","SOL Perpetual/USDT","Every 8 Hours","-0.0034%"
"10/21/2023 08:00:00","SOL Perpetual/USDT","Every 8 Hours","-0.0069%"
"10/21/2023 00:00:00","SOL Perpetual/USDT","Every 8 Hours","-0.0277%"
"10/20/2023 16:00:00","SOL Perpetual/USDT","Every 8 Hours","-0.0029%"
"10/20/2023 08:00:00","SOL Perpetual/USDT","Every 8 Hours","-0.0780%"
"10/20/2023 00:00:00","SOL Perpetual/USDT","Every 8 Hours","-0.0245%"
"10/19/2023 16:00:00","SOL Perpetual/USDT","Every 8 Hours","-0.0316%"
"10/19/2023 08:00:00","SOL Perpetual/USDT","Every 8 Hours","-0.0411%"
"10/19/2023 00:00:00","SOL Perpetual/USDT","Every 8 Hours","-0.0175%"
"10/18/2023 16:00:00","SOL Perpetual/USDT","Every 8 Hours","0%"
"10/18/2023 08:00:00","SOL Perpetual/USDT","Every 8 Hours","-0.0202%"
"10/18/2023 00:00:00","SOL Perpetual/USDT","Every 8 Hours","0.0100%"
"10/17/2023 16:00:00","SOL Perpetual/USDT","Every 8 Hours","0.0071%"
"10/17/2023 08:00:00","SOL Perpetual/USDT","Every 8 Hours","-0.0175%"
"10/17/2023 00:00:00","SOL Perpetual/USDT","Every 8 Hours","-0.0096%"
"10/16/2023 16:00:00","SOL Perpetual/USDT","Every 8 Hours","-0.0072%"
"10/16/2023 08:00:00","SOL Perpetual/USDT","Every 8 Hours","-0.0012%"
"10/16/2023 00:00:00","SOL Perpetual/USDT","Every 8 Hours","-0.0002%"
"10/15/2023 16:00:00","SOL Perpetual/USDT","Every 8 Hours","0.0100%"
"10/15/2023 08:00:00","SOL Perpetual/USDT","Every 8 Hours","0.0100%"
"10/15/2023 00:00:00","SOL Perpetual/USDT","Every 8 Hours","-0.0105%"
"10/14/2023 16:00:00","SOL Perpetual/USDT","Every 8 Hours","-0.0074%"
"10/14/2023 08:00:00","SOL Perpetual/USDT","Every 8 Hours","-0.0315%"
"10/14/2023 00:00:00","SOL Perpetual/USDT","Every 8 Hours","-0.0248%"
"10/13/2023 16:00:00","SOL Perpetual/USDT","Every 8 Hours","-0.0062%"
"10/13/2023 08:00:00","SOL Perpetual/USDT","Every 8 Hours","-0.0045%"
"10/13/2023 00:00:00","SOL Perpetual/USDT","Every 8 Hours","-0.0057%"
"10/12/2023 16:00:00","SOL Perpetual/USDT","Every 8 Hours","0.0027%"
"10/12/2023 08:00:00","SOL Perpetual/USDT","Every 8 Hours","0.0012%"
"10/12/2023 00:00:00","SOL Perpetual/USDT","Every 8 Hours","0.0054%"
"10/11/2023 16:00:00","SOL Perpetual/USDT","Every 8 Hours","0.0037%"
"10/11/2023 08:00:00","SOL Perpetual/USDT","Every 8 Hours","-0.0155%"
"10/11/2023 00:00:00","SOL Perpetual/USDT","Every 8 Hours","-0.0149%"
"10/10/2023 16:00:00","SOL Perpetual/USDT","Every 8 Hours","0.0100%"
"10/10/2023 08:00:00","SOL Perpetual/USDT","Every 8 Hours","-0.0120%"
"10/10/2023 00:00:00","SOL Perpetual/USDT","Every 8 Hours","-0.0053%"
"10/09/2023 16:00:00","SOL Perpetual/USDT","Every 8 Hours","-0.0139%"
"10/09/2023 08:00:00","SOL Perpetual/USDT","Every 8 Hours","0.0003%"
"10/09/2023 00:00:00","SOL Perpetual/USDT","Every 8 Hours","0.0011%"
"10/08/2023 16:00:00","SOL Perpetual/USDT","Every 8 Hours","0.0085%"
"10/08/2023 08:00:00","SOL Perpetual/USDT","Every 8 Hours","-0.0148%"
"10/08/2023 00:00:00","SOL Perpetual/USDT","Every 8 Hours","0.0088%"
"10/07/2023 16:00:00","SOL Perpetual/USDT","Every 8 Hours","0.0086%"
"10/07/2023 08:00:00","SOL Perpetual/USDT","Every 8 Hours","0.0100%"
"10/07/2023 00:00:00","SOL Perpetual/USDT","Every 8 Hours","0.0100%"
"10/06/2023 16:00:00","SOL Perpetual/USDT","Every 8 Hours","0.0016%"
"10/06/2023 08:00:00","SOL Perpetual/USDT","Every 8 Hours","0.0092%"
"10/06/2023 00:00:00","SOL Perpetual/USDT","Every 8 Hours","-0.0002%"
"10/05/2023 16:00:00","SOL Perpetual/USDT","Every 8 Hours","-0.0154%"
"10/05/2023 08:00:00","SOL Perpetual/USDT","Every 8 Hours","0.0099%"
"10/05/2023 00:00:00","SOL Perpetual/USDT","Every 8 Hours","-0.0105%"
"10/04/2023 16:00:00","SOL Perpetual/USDT","Every 8 Hours","0.0100%"
"10/04/2023 08:00:00","SOL Perpetual/USDT","Every 8 Hours","-0.0059%"
"10/04/2023 00:00:00","SOL Perpetual/USDT","Every 8 Hours","-0.0027%"
"10/03/2023 16:00:00","SOL Perpetual/USDT","Every 8 Hours","-0.0132%"
"10/03/2023 08:00:00","SOL Perpetual/USDT","Every 8 Hours","-0.0300%"
"10/03/2023 00:00:00","SOL Perpetual/USDT","Every 8 Hours","0.0100%"
"10/02/2023 16:00:00","SOL Perpetual/USDT","Every 8 Hours","0.0100%"
"10/02/2023 08:00:00","SOL Perpetual/USDT","Every 8 Hours","-0.0034%"
"10/02/2023 00:00:00","SOL Perpetual/USDT","Every 8 Hours","0.0100%"
"10/01/2023 16:00:00","SOL Perpetual/USDT","Every 8 Hours","0.0100%"
"10/01/2023 08:00:00","SOL Perpetual/USDT","Every 8 Hours","-0.0194%"
"10/01/2023 00:00:00","SOL Perpetual/USDT","Every 8 Hours","0.0060%"
"09/30/2023 16:00:00","SOL Perpetual/USDT","Every 8 Hours","-0.0394%"
"09/30/2023 08:00:00","SOL Perpetual/USDT","Every 8 Hours","-0.0049%"
"09/30/2023 00:00:00","SOL Perpetual/USDT","Every 8 Hours","-0.0107%"
"09/29/2023 16:00:00","SOL Perpetual/USDT","Every 8 Hours","-0.0068%"
"09/29/2023 08:00:00","SOL Perpetual/USDT","Every 8 Hours","-0.0055%"
"09/29/2023 00:00:00","SOL Perpetual/USDT","Every 8 Hours","-0.0118%"
"09/28/2023 16:00:00","SOL Perpetual/USDT","Every 8 Hours","0.0031%"
"09/28/2023 08:00:00","SOL Perpetual/USDT","Every 8 Hours","0.0066%"
"09/28/2023 00:00:00","SOL Perpetual/USDT","Every 8 Hours","-0.0156%"
"09/27/2023 16:00:00","SOL Perpetual/USDT","Every 8 Hours","-0.0038%"
"09/27/2023 08:00:00","SOL Perpetual/USDT","Every 8 Hours","-0.0027%"
"09/27/2023 00:00:00","SOL Perpetual/USDT","Every 8 Hours","0.0054%"
"09/26/2023 16:00:00","SOL Perpetual/USDT","Every 8 Hours","0.0087%"
"09/26/2023 08:00:00","SOL Perpetual/USDT","Every 8 Hours","0.0054%"
"09/26/2023 00:00:00","SOL Perpetual/USDT","Every 8 Hours","-0.0005%"
"09/25/2023 16:00:00","SOL Perpetual/USDT","Every 8 Hours","0.0057%"
"09/25/2023 08:00:00","SOL Perpetual/USDT","Every 8 Hours","-0.0078%"
"09/25/2023 00:00:00","SOL Perpetual/USDT","Every 8 Hours","-0.0024%"
"09/24/2023 16:00:00","SOL Perpetual/USDT","Every 8 Hours","0.0100%"
"09/24/2023 08:00:00","SOL Perpetual/USDT","Every 8 Hours","-0.0028%"
"09/24/2023 00:00:00","SOL Perpetual/USDT","Every 8 Hours","0.0037%"
"09/23/2023 16:00:00","SOL Perpetual/USDT","Every 8 Hours","0.0100%"
"09/23/2023 08:00:00","SOL Perpetual/USDT","Every 8 Hours","0.0046%"
"09/23/2023 00:00:00","SOL Perpetual/USDT","Every 8 Hours","0.0100%"
"09/22/2023 16:00:00","SOL Perpetual/USDT","Every 8 Hours","-0.0002%"
"09/22/2023 08:00:00","SOL Perpetual/USDT","Every 8 Hours","0.0033%"
"09/22/2023 00:00:00","SOL Perpetual/USDT","Every 8 Hours","-0.0018%"
"09/21/2023 16:00:00","SOL Perpetual/USDT","Every 8 Hours","0.0100%"
"09/21/2023 08:00:00","SOL Perpetual/USDT","Every 8 Hours","0.0100%"
"09/21/2023 00:00:00","SOL Perpetual/USDT","Every 8 Hours","-0.0060%"
"09/20/2023 16:00:00","SOL Perpetual/USDT","Every 8 Hours","-0.0117%"
"09/20/2023 08:00:00","SOL Perpetual/USDT","Every 8 Hours","-0.0042%"
"09/20/2023 00:00:00","SOL Perpetual/USDT","Every 8 Hours","-0.0177%"
"09/19/2023 16:00:00","SOL Perpetual/USDT","Every 8 Hours","0.0057%"
"09/19/2023 08:00:00","SOL Perpetual/USDT","Every 8 Hours","-0.0184%"
"09/19/2023 00:00:00","SOL Perpetual/USDT","Every 8 Hours","-0.0099%"
"09/18/2023 16:00:00","SOL Perpetual/USDT","Every 8 Hours","-0.0353%"
"09/18/2023 08:00:00","SOL Perpetual/USDT","Every 8 Hours","-0.0123%"
"09/18/2023 00:00:00","SOL Perpetual/USDT","Every 8 Hours","-0.0161%"
"09/17/2023 16:00:00","SOL Perpetual/USDT","Every 8 Hours","-0.0297%"
"09/17/2023 08:00:00","SOL Perpetual/USDT","Every 8 Hours","-0.0061%"
"09/17/2023 00:00:00","SOL Perpetual/USDT","Every 8 Hours","-0.0387%"
"09/16/2023 16:00:00","SOL Perpetual/USDT","Every 8 Hours","-0.0218%"
"09/16/2023 08:00:00","SOL Perpetual/USDT","Every 8 Hours","-0.0066%"
"09/16/2023 00:00:00","SOL Perpetual/USDT","Every 8 Hours","-0.0154%"
"09/15/2023 16:00:00","SOL Perpetual/USDT","Every 8 Hours","0.0100%"
"09/15/2023 08:00:00","SOL Perpetual/USDT","Every 8 Hours","-0.0135%"
"09/15/2023 00:00:00","SOL Perpetual/USDT","Every 8 Hours","-0.0178%"
"09/14/2023 16:00:00","SOL Perpetual/USDT","Every 8 Hours","-0.0243%"
"09/14/2023 08:00:00","SOL Perpetual/USDT","Every 8 Hours","0.0015%"
"09/14/2023 00:00:00","SOL Perpetual/USDT","Every 8 Hours","-0.0104%"
"09/13/2023 16:00:00","SOL Perpetual/USDT","Every 8 Hours","-0.0392%"
"09/13/2023 08:00:00","SOL Perpetual/USDT","Every 8 Hours","-0.0026%"
"09/13/2023 00:00:00","SOL Perpetual/USDT","Every 8 Hours","-0.0302%"
"09/12/2023 16:00:00","SOL Perpetual/USDT","Every 8 Hours","0.0041%"
"09/12/2023 08:00:00","SOL Perpetual/USDT","Every 8 Hours","-0.0173%"
"09/12/2023 00:00:00","SOL Perpetual/USDT","Every 8 Hours","0.0067%"
"09/11/2023 16:00:00","SOL Perpetual/USDT","Every 8 Hours","0.0017%"
"09/11/2023 08:00:00","SOL Perpetual/USDT","Every 8 Hours","0.0098%"
"09/11/2023 00:00:00","SOL Perpetual/USDT","Every 8 Hours","-0.0308%"
"09/10/2023 16:00:00","SOL Perpetual/USDT","Every 8 Hours","-0.0508%"
"09/10/2023 08:00:00","SOL Perpetual/USDT","Every 8 Hours","-0.0255%"
"09/10/2023 00:00:00","SOL Perpetual/USDT","Every 8 Hours","-0.0105%"
"09/09/2023 16:00:00","SOL Perpetual/USDT","Every 8 Hours","-0.0192%"
"09/09/2023 08:00:00","SOL Perpetual/USDT","Every 8 Hours","-0.0049%"
"09/09/2023 00:00:00","SOL Perpetual/USDT","Every 8 Hours","0.0100%"
"09/08/2023 16:00:00","SOL Perpetual/USDT","Every 8 Hours","0.0100%"
"09/08/2023 08:00:00","SOL Perpetual/USDT","Every 8 Hours","-0.0198%"
"09/08/2023 00:00:00","SOL Perpetual/USDT","Every 8 Hours","-0.0199%"
"09/07/2023 16:00:00","SOL Perpetual/USDT","Every 8 Hours","0.0100%"
"09/07/2023 08:00:00","SOL Perpetual/USDT","Every 8 Hours","0.0100%"
"09/07/2023 00:00:00","SOL Perpetual/USDT","Every 8 Hours","-0.0076%"
"09/06/2023 16:00:00","SOL Perpetual/USDT","Every 8 Hours","0.0100%"
"09/06/2023 08:00:00","SOL Perpetual/USDT","Every 8 Hours","0.0100%"
"09/06/2023 00:00:00","SOL Perpetual/USDT","Every 8 Hours","0.0100%"
"09/05/2023 16:00:00","SOL Perpetual/USDT","Every 8 Hours","-0.0195%"
"09/05/2023 08:00:00","SOL Perpetual/USDT","Every 8 Hours","0.0073%"
"09/05/2023 00:00:00","SOL Perpetual/USDT","Every 8 Hours","0.0100%"
"09/04/2023 16:00:00","SOL Perpetual/USDT","Every 8 Hours","0.0100%"
"09/04/2023 08:00:00","SOL Perpetual/USDT","Every 8 Hours","0.0100%"
"09/04/2023 00:00:00","SOL Perpetual/USDT","Every 8 Hours","0.0040%"
"09/03/2023 16:00:00","SOL Perpetual/USDT","Every 8 Hours","0.0050%"
"09/03/2023 08:00:00","SOL Perpetual/USDT","Every 8 Hours","0.0002%"
"09/03/2023 00:00:00","SOL Perpetual/USDT","Every 8 Hours","0.0100%"
"09/02/2023 16:00:00","SOL Perpetual/USDT","Every 8 Hours","0.0100%"
"09/02/2023 08:00:00","SOL Perpetual/USDT","Every 8 Hours","0.0078%"
"09/02/2023 00:00:00","SOL Perpetual/USDT","Every 8 Hours","0.0100%"
"09/01/2023 16:00:00","SOL Perpetual/USDT","Every 8 Hours","0.0100%"
"09/01/2023 08:00:00","SOL Perpetual/USDT","Every 8 Hours","0.0048%"
"09/01/2023 00:00:00","SOL Perpetual/USDT","Every 8 Hours","-0.0013%"
"08/31/2023 16:00:00","SOL Perpetual/USDT","Every 8 Hours","0.0100%"
"08/31/2023 08:00:00","SOL Perpetual/USDT","Every 8 Hours","0.0100%"
"08/31/2023 00:00:00","SOL Perpetual/USDT","Every 8 Hours","0.0100%"
"08/30/2023 16:00:00","SOL Perpetual/USDT","Every 8 Hours","0.0100%"
"08/30/2023 08:00:00","SOL Perpetual/USDT","Every 8 Hours","0.0100%"
"08/30/2023 00:00:00","SOL Perpetual/USDT","Every 8 Hours","0.0100%"
"08/29/2023 16:00:00","SOL Perpetual/USDT","Every 8 Hours","0.0100%"
"08/29/2023 08:00:00","SOL Perpetual/USDT","Every 8 Hours","0.0100%"
"08/29/2023 00:00:00","SOL Perpetual/USDT","Every 8 Hours","0.0100%"
"08/28/2023 16:00:00","SOL Perpetual/USDT","Every 8 Hours","0.0100%"
"08/28/2023 08:00:00","SOL Perpetual/USDT","Every 8 Hours","0.0100%"
"08/28/2023 00:00:00","SOL Perpetual/USDT","Every 8 Hours","0.0094%"
"08/27/2023 16:00:00","SOL Perpetual/USDT","Every 8 Hours","0.0046%"
"08/27/2023 08:00:00","SOL Perpetual/USDT","Every 8 Hours","-0.0105%"
"08/27/2023 00:00:00","SOL Perpetual/USDT","Every 8 Hours","-0.0065%"
"08/26/2023 16:00:00","SOL Perpetual/USDT","Every 8 Hours","-0.0171%"
"08/26/2023 08:00:00","SOL Perpetual/USDT","Every 8 Hours","-0.0012%"
"08/26/2023 00:00:00","SOL Perpetual/USDT","Every 8 Hours","-0.0068%"